Workbook

Sheet raw_enrollment_data
A1: Record ID | B1: Practice Name | C1: Provider Name | D1: Individual NPI | E1: Group NPI | F1: Credentialed NPI | G1: Enrolled NPI | H1: Tax ID | I1: Payer Name | J1: Payer ID | K1: Payer Type | L1: PTAN / Provider Number | M1: Enrollment Type | N1: Credentialing Status | O1: Claims Enrollment Status | P1: ERA Enrollment Status | Q1: Clearinghouse Portal Updated | R1: Clearinghouse Configuration Status | S1: Submitted Date | T1: Approved Date | U1: Current Status | V1: Blocker Reason | W1: Assigned Owner | X1: Follow-up Date | Y1: Notes
A2: ENR-0001 | B2: Eastwood Pulmonary | C2: Dr. Rohan Menon | D2: IND-NPI-1001 | E2: GRP-NPI-9018 | F2: GRP-NPI-9018 | G2: GRP-NPI-9018 | H2: SYN-TIN-012 | I2: Medicaid | J2: MCD-OLD | K2: Government | L2: PTAN-0001 | M2: Claims | N2: Completed | O2: Rejected | P2: Not Required | Q2: Yes | R2: Issue Found | S2: 46145 | U2: Blocked | V2: Wrong payer ID | W2: nt92346 | X2: 46176 | Y2: Incorrect payer ID was used for enrollment or routing.
A3: ENR-0002 | B3: Cedar Grove Clinic | C3: Dr. Lily Scott | D3: IND-NPI-1002 | E3: GRP-NPI-9039 | F3: GRP-NPI-9039 | G3: GRP-NPI-9039 | H3: SYN-TIN-036 | I3: Medicare | J3: WRONG-MED | K3: Government | L3: PTAN-0002 | M3: Claims and ERA | N3: Completed | O3: Rejected | P3: Rejected | Q3: Yes | R3: Issue Found | S3: 46093 | U3: Blocked | V3: Wrong payer ID | W3: ew53009 | X3: 46183 | Y3: Incorrect payer ID was used for enrollment or routing.
A4: ENR-0003 | B4: Liberty Primary Care | C4: Dr. Asha Singh | D4: IND-NPI-1003 | E4: GRP-NPI-9011 | F4: GRP-NPI-9011 | G4: GRP-NPI-9011 | H4: SYN-TIN-012 | I4: Cigna | J4: CIG001 | K4: Commercial | L4: NA | M4: ERA | N4: Completed | O4: Not Required | P4: Pending | Q4: No | R4: Pending | S4: 46092 | U4: Pending | V4: Clearinghouse portal not updated | W4: nt92346 | X4: 46181 | Y4: Clearinghouse route or portal setup needs update before go-live.
A5: ENR-0004 | B5: Maple Leaf Urgent Care | C5: Dr. Emily Gray | D5: IND-NPI-1004 | E5: GRP-NPI-9023 | F5: GRP-NPI-9023 | G5: GRP-NPI-9023 | H5: SYN-TIN-011 | I5: United Healthcare | J5: UHC001 | K5: Commercial | L5: NA | M5: ERA | N5: Completed | O5: Not Required | P5: Approved | Q5: Yes | R5: Completed | S5: 46154 | T5: 46169 | U5: Ready | V5: No blocker | W5: rc48215 | X5: 46177 | Y5: Record is ready for expected transaction flow.
A6: ENR-0005 | B6: Sunrise Family Medicine | C6: Dr. Grace Das | D6: IND-NPI-1005 | E6: GRP-NPI-9041 | F6: GRP-NPI-9041 | G6: GRP-NPI-9041 | H6: SYN-TIN-006 | I6: United Healthcare | J6: UHC001 | K6: Commercial | L6: NA | M6: Claims and ERA | N6: Completed | O6: Approved | P6: Pending | Q6: No | R6: Pending | S6: 46086 | U6: Pending | V6: Clearinghouse portal not updated | W6: nt92346 | X6: 46187 | Y6: Clearinghouse route or portal setup needs update before go-live.
A7: ENR-0006 | B7: Coral Springs Primary Care | C7: Dr. Lily Singh | D7: IND-NPI-1006 | E7: GRP-NPI-9019 | F7: GRP-NPI-9019 | G7: GRP-NPI-9019 | H7: SYN-TIN-047 | I7: Medicare | J7: MED001 | K7: Government | L7: PTAN-0006 | M7: Claims and ERA | N7: Completed | O7: Pending | P7: Pending | Q7: Yes | R7: In Progress | S7: 46134 | U7: Pending | V7: Missing payer approval | W7: rc48215 | X7: 46180 | Y7: Waiting on payer approval or payer response.
A8: ENR-0007 | B8: BrightCare Cardiology | C8: Dr. Elena Gray | D8: IND-NPI-1007 | E8: GRP-NPI-9014 | F8: GRP-NPI-9014 | G8: GRP-NPI-9014 | H8: SYN-TIN-032 | I8: Cigna | J8: CIG001 | K8: Commercial | L8: NA | M8: ERA | N8: Completed | O8: Not Required | P8: Pending | Q8: Yes | R8: In Progress | S8: 46055 | U8: Pending | V8: ERA setup not completed | W8: nt00234 | X8: 46185 | Y8: ERA enrollment or routing is not fully completed.
A9: ENR-0008 | B9: BrightCare Cardiology | C9: Dr. Aria Kapoor | D9: IND-NPI-1008 | E9: GRP-NPI-9018 | F9: GRP-NPI-9018 | G9: GRP-NPI-9018 | H9: SYN-TIN-005 | I9: Cigna | J9: CIG001 | K9: Commercial | L9: NA | M9: Claims and ERA | N9: Completed | O9: Approved | P9: Approved | Q9: Yes | R9: Completed | S9: 46120 | T9: 46140 | U9: Ready | V9: No blocker | W9: nt00234 | X9: 46176 | Y9: Record is ready for expected transaction flow.
A10: ENR-0009 | B10: Liberty Primary Care | C10: Dr. Kevin Kapoor | D10: IND-NPI-1009 | E10: GRP-NPI-9018 | F10: GRP-NPI-9018 | G10: GRP-NPI-9018 | H10: SYN-TIN-051 | I10: Medicare | J10: MED001 | K10: Government | L10: PTAN-0009 | M10: Claims | N10: Completed | O10: Rejected | P10: Not Required | Q10: Yes | R10: In Progress | S10: 46117 | U10: Pending | V10: Medicare additional enrollment missing | W10: rc48215 | X10: 46179 | Y10: Medicare requires additional enrollment after credentialing.
A11: ENR-0010 | B11: Stonebridge Family Medicine | C11: Dr. Aria Wilson | D11: IND-NPI-1010 | E11: GRP-NPI-9017 | F11: GRP-NPI-9017 | G11: GRP-NPI-9017 | H11: SYN-TIN-047 | I11: Medicaid | J11: MCD002 | K11: Government | L11: PTAN-WRONG | M11: Claims | N11: Completed | O11: Rejected | P11: Not Required | Q11: Yes | R11: Issue Found | S11: 46146 | U11: Blocked | V11: Incorrect PTAN/provider number | W11: rc48215 | X11: 46185 | Y11: PTAN or government payer provider number needs correction.
A12: ENR-0011 | B12: Oak Street Primary Care | C12: Dr. Sara Scott | D12: IND-NPI-1011 | E12: GRP-NPI-9032 | F12: GRP-NPI-9032 | G12: GRP-NPI-9032 | H12: SYN-TIN-055 | I12: Medicare | J12: MED001 | K12: Government | L12: PTAN-0011 | M12: Claims and ERA | N12: Completed | O12: Pending | P12: Pending | Q12: Yes | R12: In Progress | S12: 46076 | U12: Pending | V12: Missing payer approval | W12: nt00234 | X12: 46186 | Y12: Waiting on payer approval or payer response.
A13: ENR-0012 | B13: Parkside Oncology | C13: Dr. Mark Kapoor | D13: IND-NPI-1012 | E13: GRP-NPI-9025 | F13: GRP-NPI-9025 | G13: GRP-NPI-9136 | H13: SYN-TIN-035 | I13: United Healthcare | J13: UHC001 | K13: Commercial | L13: NA | M13: Claims and ERA | N13: Completed | O13: Rejected | P13: Rejected | Q13: Yes | R13: Issue Found | S13: 46039 | U13: Blocked | V13: Credentialed NPI mismatch | W13: nt92346 | X13: 46186 | Y13: Enrolled NPI does not match the payer-credentialed NPI.
A14: ENR-0013 | B14: Clearwater Pulmonary | C14: Dr. Meera Shah | D14: IND-NPI-1013 | E14: GRP-NPI-9019 | F14: GRP-NPI-9019 | G14: GRP-NPI-9019 | H14: SYN-TIN-014 | I14: Aetna | J14: AET001 | K14: Commercial | L14: NA | M14: Claims | N14: Completed | O14: Approved | P14: Not Required | Q14: Yes | R14: Completed | S14: 46104 | T14: 46119 | U14: Ready | V14: No blocker | W14: ew53009 | X14: 46178 | Y14: Record is ready for expected transaction flow.
A15: ENR-0014 | B15: Harborview Pediatrics | C15: Dr. Farah Das | D15: IND-NPI-1014 | E15: GRP-NPI-9041 | F15: GRP-NPI-9041 | G15: GRP-NPI-9041 | H15: SYN-TIN-042 | I15: United Healthcare | J15: UHC001 | K15: Commercial | L15: NA | M15: Claims and ERA | N15: Completed | O15: Approved | P15: Approved | Q15: Yes | R15: Completed | S15: 46078 | T15: 46093 | U15: Ready | V15: No blocker | W15: nt92346 | X15: 46184 | Y15: Record is ready for expected transaction flow.
A16: ENR-0015 | B16: Valley View Gastro | C16: Dr. Neha Shah | D16: IND-NPI-1015 | E16: GRP-NPI-9024 | F16: GRP-NPI-9024 | G16: GRP-NPI-9024 | H16: SYN-TIN-063 | I16: Humana | J16: HUM001 | K16: Commercial | L16: NA | M16: Claims and ERA | N16: Completed | O16: Approved | P16: Approved | Q16: Yes | R16: Completed | S16: 46098 | T16: 46114 | U16: Ready | V16: No blocker | W16: nt92346 | X16: 46177 | Y16: Record is ready for expected transaction flow.
A17: ENR-0016 | B17: Evergreen Urology | C17: Dr. Mark Singh | D17: IND-NPI-1016 | E17: GRP-NPI-9035 | F17: GRP-NPI-9035 | G17: GRP-NPI-9035 | H17: SYN-TIN-055 | I17: Humana | J17: HUM001 | K17: Commercial | L17: NA | M17: Claims | N17: In Progress | O17: Not Started | P17: Not Required | Q17: No | R17: Not Started | S17: 46079 | U17: Pending | V17: Credentialing not completed | W17: ew53009 | X17: 46180 | Y17: Credentialing must be completed before enrollment can proceed.
A18: ENR-0017 | B18: Cedar Grove Clinic | C18: Dr. Samir Singh | D18: IND-NPI-1017 | E18: GRP-NPI-9045 | F18: GRP-NPI-9045 | G18: IND-NPI-1017 | H18: SYN-TIN-058 | I18: Medicaid | J18: MCD002 | K18: Government | L18: PTAN-0017 | M18: Claims and ERA | N18: Completed | O18: Rejected | P18: Rejected | Q18: Yes | R18: Issue Found | S18: 46132 | U18: Blocked | V18: Individual NPI used instead of group NPI | W18: ew53009 | X18: 46183 | Y18: Enrollment was submitted under individual NPI instead of group billing NPI.
A19: ENR-0018 | B19: Lakeside Women Health | C19: Dr. Sanjay Patel | D19: IND-NPI-1018 | E19: GRP-NPI-9005 | F19: GRP-NPI-9005 | G19: GRP-NPI-9138 | H19: SYN-TIN-008 | I19: Blue Cross | J19: BCBS01 | K19: Commercial | L19: NA | M19: Claims | N19: Completed | O19: Rejected | P19: Not Required | Q19: Yes | R19: Issue Found | S19: 46093 | U19: Blocked | V19: Credentialed NPI mismatch | W19: nt92346 | X19: 46176 | Y19: Enrolled NPI does not match the payer-credentialed NPI.
A20: ENR-0019 | B20: Oak Street Primary Care | C20: Dr. Mark Nguyen | D20: IND-NPI-1019 | E20: GRP-NPI-9003 | F20: GRP-NPI-9003 | G20: IND-NPI-1019 | H20: SYN-TIN-028 | I20: Humana | J20: HUM001 | K20: Commercial | L20: NA | M20: ERA | N20: Completed | O20: Not Required | P20: Rejected | Q20: Yes | R20: Issue Found | S20: 46108 | U20: Blocked | V20: Individual NPI used instead of group NPI | W20: rc48215 | X20: 46186 | Y20: Enrollment was submitted under individual NPI instead of group billing NPI.
A21: ENR-0020 | B21: Sunrise Family Medicine | C21: Dr. Sara Torres | D21: IND-NPI-1020 | E21: GRP-NPI-9037 | F21: GRP-NPI-9037 | G21: GRP-NPI-9037 | H21: SYN-TIN-056 | I21: United Healthcare | J21: WRONG-UHC | K21: Commercial | L21: NA | M21: Claims and ERA | N21: Completed | O21: Rejected | P21: Rejected | Q21: Yes | R21: Issue Found | S21: 46085 | U21: Blocked | V21: Wrong payer ID | W21: nt92346 | X21: 46177 | Y21: Incorrect payer ID was used for enrollment or routing.
A22: ENR-0021 | B22: Silverline Neurology | C22: Dr. Ethan Ali | D22: IND-NPI-1021 | E22: GRP-NPI-9030 | F22: GRP-NPI-9030 | G22: GRP-NPI-9030 | H22: SYN-TIN-044 | I22: Humana | J22: HUM001 | K22: Commercial | L22: NA | M22: Claims and ERA | N22: In Progress | O22: Not Started | P22: Not Started | Q22: No | R22: Not Started | S22: 46062 | U22: Pending | V22: Credentialing not completed | W22: rc48215 | X22: 46176 | Y22: Credentialing must be completed before enrollment can proceed.
A23: ENR-0022 | B23: Liberty Primary Care | C23: Dr. Emily Patel | D23: IND-NPI-1022 | E23: GRP-NPI-9013 | F23: GRP-NPI-9013 | G23: GRP-NPI-9013 | H23: SYN-TIN-010 | I23: Medicaid | J23: MCD002 | K23: Government | L23: PTAN-0022 | M23: Claims and ERA | N23: Completed | O23: Approved | P23: Approved | Q23: Yes | R23: Completed | S23: 46083 | T23: 46094 | U23: Ready | V23: No blocker | W23: nt00234 | X23: 46183 | Y23: Record is ready for expected transaction flow.
A24: ENR-0023 | B24: Blue Harbor ENT | C24: Dr. Ivy Shah | D24: IND-NPI-1023 | E24: GRP-NPI-9004 | F24: GRP-NPI-9004 | G24: GRP-NPI-9004 | H24: SYN-TIN-063 | I24: Cigna | J24: CIG-OLD | K24: Commercial | L24: NA | M24: Claims and ERA | N24: Completed | O24: Rejected | P24: Rejected | Q24: Yes | R24: Issue Found | S24: 46097 | U24: Blocked | V24: Old payer ID used | W24: rc48215 | X24: 46178 | Y24: Outdated payer ID needs to be replaced with current payer ID.
A25: ENR-0024 | B25: Valley View Gastro | C25: Dr. Omar Carter | D25: IND-NPI-1024 | E25: GRP-NPI-9026 | F25: GRP-NPI-9026 | G25: GRP-NPI-9026 | H25: SYN-TIN-055 | I25: Medicare | J25: MED001 | K25: Government | L25: PTAN-0024 | M25: Claims | N25: Completed | O25: Approved | P25: Not Required | Q25: Yes | R25: Completed | S25: 46136 | T25: 46147 | U25: Ready | V25: No blocker | W25: k19731 | X25: 46183 | Y25: Record is ready for expected transaction flow.
A26: ENR-0025 | B26: Grand Oak Surgery Center | C26: Dr. Ivy Joshi | D26: IND-NPI-1025 | E26: GRP-NPI-9032 | F26: GRP-NPI-9032 | G26: GRP-NPI-9032 | H26: SYN-TIN-008 | I26: Medicaid | J26: MCD002 | K26: Government | L26: PTAN-0025 | M26: Claims | N26: Completed | O26: Approved | P26: Not Required | Q26: Yes | R26: Completed | S26: 46051 | T26: 46067 | U26: Ready | V26: No blocker | W26: ew53009 | X26: 46187 | Y26: Record is ready for expected transaction flow.
A27: ENR-0026 | B27: Willow Creek Pediatrics | C27: Dr. Kevin Rao | D27: IND-NPI-1026 | E27: GRP-NPI-9004 | F27: GRP-NPI-9004 | G27: GRP-NPI-9004 | H27: SYN-TIN-011 | I27: United Healthcare | J27: UHC001 | K27: Commercial | L27: NA | M27: Claims and ERA | N27: Completed | O27: Pending | P27: Pending | Q27: Yes | R27: In Progress | S27: 46172 | U27: Pending | V27: Missing payer approval | W27: nt92346 | X27: 46178 | Y27: Waiting on payer approval or payer response.
A28: ENR-0027 | B28: Harborview Pediatrics | C28: Dr. Thomas Lee | D28: IND-NPI-1027 | E28: GRP-NPI-9039 | F28: GRP-NPI-9039 | G28: GRP-NPI-9039 | H28: SYN-TIN-006 | I28: Medicare | J28: MED001 | K28: Government | L28: PTAN-0027 | M28: Claims and ERA | N28: Completed | O28: Approved | P28: Approved | Q28: Yes | R28: Completed | S28: 46067 | T28: 46083 | U28: Ready | V28: No blocker | W28: ew53009 | X28: 46179 | Y28: Record is ready for expected transaction flow.
A29: ENR-0028 | B29: Parkside Oncology | C29: Dr. Vivek Ali | D29: IND-NPI-1028 | E29: GRP-NPI-9043 | F29: GRP-NPI-9043 | G29: GRP-NPI-9043 | H29: SYN-TIN-031 | I29: United Healthcare | J29: UHC001 | K29: Commercial | L29: NA | M29: Claims and ERA | N29: Completed | O29: Approved | P29: Pending | Q29: No | R29: Pending | S29: 46103 | U29: Pending | V29: Clearinghouse portal not updated | W29: k19731 | X29: 46179 | Y29: Clearinghouse route or portal setup needs update before go-live.
A30: ENR-0029 | B30: Westbrook Dermatology | C30: Dr. Noah Wilson | D30: IND-NPI-1029 | E30: GRP-NPI-9043 | F30: GRP-NPI-9043 | G30: GRP-NPI-9043 | H30: SYN-TIN-013 | I30: Cigna | J30: CIG001 | K30: Commercial | L30: NA | M30: ERA | N30: Completed | O30: Not Required | P30: Pending | Q30: No | R30: Pending | S30: 46055 | U30: Pending | V30: Clearinghouse portal not updated | W30: rc48215 | X30: 46176 | Y30: Clearinghouse route or portal setup needs update before go-live.
A31: ENR-0030 | B31: Greenway Internal Medicine | C31: Dr. Samir Chen | D31: IND-NPI-1030 | E31: GRP-NPI-9033 | F31: GRP-NPI-9033 | G31: GRP-NPI-9033 | H31: SYN-TIN-037 | I31: Blue Cross | J31: BCBS01 | K31: Commercial | L31: NA | M31: Claims | N31: Completed | O31: Approved | P31: Not Required | Q31: No | R31: Pending | S31: 46054 | U31: Pending | V31: Clearinghouse portal not updated | W31: k19731 | X31: 46179 | Y31: Clearinghouse route or portal setup needs update before go-live.
A32: ENR-0031 | B32: BrightCare Cardiology | C32: Dr. Leah Das | D32: IND-NPI-1031 | E32: GRP-NPI-9035 | F32: GRP-NPI-9035 | G32: GRP-NPI-9035 | H32: SYN-TIN-039 | I32: Cigna | J32: CIG001 | K32: Commercial | L32: NA | M32: ERA | N32: Completed | O32: Not Required | P32: Pending | Q32: Yes | R32: In Progress | S32: 46172 | U32: Pending | V32: ERA setup not completed | W32: ew53009 | X32: 46176 | Y32: ERA enrollment or routing is not fully completed.
A33: ENR-0032 | B33: Canyon Ridge Clinic | C33: Dr. Emily Nguyen | D33: IND-NPI-1032 | E33: GRP-NPI-9009 | F33: GRP-NPI-9009 | G33: GRP-NPI-9009 | H33: SYN-TIN-027 | I33: Blue Cross | J33: BCBS01 | K33: Commercial | L33: NA | M33: Claims | N33: Completed | O33: Approved | P33: Not Required | Q33: Yes | R33: Completed | S33: 46076 | T33: 46087 | U33: Ready | V33: No blocker | W33: ew53009 | X33: 46180 | Y33: Record is ready for expected transaction flow.
A34: ENR-0033 | B34: Grand Oak Surgery Center | C34: Dr. Meera Chen | D34: IND-NPI-1033 | E34: GRP-NPI-9044 | F34: GRP-NPI-9044 | G34: IND-NPI-1033 | H34: SYN-TIN-055 | I34: Cigna | J34: CIG001 | K34: Commercial | L34: NA | M34: Claims and ERA | N34: Completed | O34: Rejected | P34: Rejected | Q34: Yes | R34: Issue Found | S34: 46101 | U34: Blocked | V34: Individual NPI used instead of group NPI | W34: nt92346 | X34: 46176 | Y34: Enrollment was submitted under individual NPI instead of group billing NPI.
A35: ENR-0034 | B35: Evergreen Urology | C35: Dr. Aditya Rao | D35: IND-NPI-1034 | E35: GRP-NPI-9001 | F35: GRP-NPI-9001 | G35: GRP-NPI-9001 | H35: SYN-TIN-055 | I35: Blue Cross | J35: BCBS01 | K35: Commercial | L35: NA | M35: Claims and ERA | N35: Completed | O35: Rejected | P35: Rejected | Q35: Yes | R35: Issue Found | S35: 46104 | U35: Blocked | V35: Incorrect PTAN/provider number | W35: rc48215 | X35: 46178 | Y35: PTAN or government payer provider number needs correction.
A36: ENR-0035 | B36: Sunrise Family Medicine | C36: Dr. Asha Shah | D36: IND-NPI-1035 | E36: GRP-NPI-9005 | F36: GRP-NPI-9005 | G36: GRP-NPI-9124 | H36: SYN-TIN-006 | I36: Cigna | J36: CIG001 | K36: Commercial | L36: NA | M36: Claims and ERA | N36: Completed | O36: Rejected | P36: Rejected | Q36: Yes | R36: Issue Found | S36: 46074 | U36: Blocked | V36: Credentialed NPI mismatch | W36: nt00234 | X36: 46182 | Y36: Enrolled NPI does not match the payer-credentialed NPI.
A37: ENR-0036 | B37: Summit Eye Care | C37: Dr. Elena Nguyen | D37: IND-NPI-1036 | E37: GRP-NPI-9003 | F37: GRP-NPI-9003 | G37: GRP-NPI-9003 | H37: SYN-TIN-020 | I37: Blue Cross | J37: BCBS01 | K37: Commercial | L37: NA | M37: Claims | N37: Completed | O37: Approved | P37: Not Required | Q37: Yes | R37: Completed | S37: 46063 | T37: 46075 | U37: Ready | V37: No blocker | W37: rc48215 | X37: 46184 | Y37: Record is ready for expected transaction flow.
A38: ENR-0037 | B38: Canyon Ridge Clinic | C38: Dr. Sanjay Carter | D38: IND-NPI-1037 | E38: GRP-NPI-9011 | F38: GRP-NPI-9011 | G38: GRP-NPI-9011 | H38: SYN-TIN-053 | I38: Humana | J38: HUM001 | K38: Commercial | L38: NA | M38: Claims and ERA | N38: Completed | O38: Pending | P38: Pending | Q38: Yes | R38: In Progress | S38: 46043 | U38: Pending | V38: Missing payer approval | W38: k19731 | X38: 46178 | Y38: Waiting on payer approval or payer response.
A39: ENR-0038 | B39: Liberty Primary Care | C39: Dr. Sanjay Khan | D39: IND-NPI-1038 | E39: GRP-NPI-9011 | F39: GRP-NPI-9011 | G39: GRP-NPI-9011 | H39: SYN-TIN-026 | I39: Humana | J39: HUM001 | K39: Commercial | L39: NA | M39: Claims and ERA | N39: Completed | O39: Approved | P39: Pending | Q39: No | R39: Pending | S39: 46046 | U39: Pending | V39: Clearinghouse portal not updated | W39: nt00234 | X39: 46183 | Y39: Clearinghouse route or portal setup needs update before go-live.
A40: ENR-0039 | B40: Evergreen Urology | C40: Dr. Aria Gray | D40: IND-NPI-1039 | E40: GRP-NPI-9020 | F40: GRP-NPI-9020 | G40: GRP-NPI-9020 | H40: SYN-TIN-043 | I40: Humana | J40: HUM001 | K40: Commercial | L40: NA | M40: Claims and ERA | N40: Completed | O40: Approved | P40: Approved | Q40: Yes | R40: Completed | S40: 46043 | T40: 46060 | U40: Ready | V40: No blocker | W40: rc48215 | X40: 46179 | Y40: Record is ready for expected transaction flow.
A41: ENR-0040 | B41: Westbrook Dermatology | C41: Dr. Mark Singh | D41: IND-NPI-1040 | E41: GRP-NPI-9018 | F41: GRP-NPI-9018 | G41: GRP-NPI-9018 | H41: SYN-TIN-015 | I41: Blue Cross | J41: BCBS01 | K41: Commercial | L41: NA | M41: Claims and ERA | N41: Completed | O41: Approved | P41: Pending | Q41: No | R41: Pending | S41: 46174 | U41: Pending | V41: Clearinghouse portal not updated | W41: nt92346 | X41: 46181 | Y41: Clearinghouse route or portal setup needs update before go-live.
A42: ENR-0041 | B42: Stonebridge Family Medicine | C42: Dr. Hannah Nair | D42: IND-NPI-1041 | E42: GRP-NPI-9038 | F42: GRP-NPI-9038 | G42: GRP-NPI-9123 | H42: SYN-TIN-015 | I42: Blue Cross | J42: BCBS01 | K42: Commercial | L42: NA | M42: Claims | N42: Completed | O42: Rejected | P42: Not Required | Q42: Yes | R42: Issue Found | S42: 46117 | U42: Blocked | V42: Credentialed NPI mismatch | W42: ew53009 | X42: 46182 | Y42: Enrolled NPI does not match the payer-credentialed NPI.
A43: ENR-0042 | B43: Maple Leaf Urgent Care | C43: Dr. Elias Chen | D43: IND-NPI-1042 | E43: GRP-NPI-9017 | F43: GRP-NPI-9017 | G43: GRP-NPI-9017 | H43: SYN-TIN-047 | I43: Medicare | J43: MED001 | K43: Government | L43: PTAN-0042 | M43: Claims and ERA | N43: Completed | O43: Approved | P43: Approved | Q43: Yes | R43: Completed | S43: 46174 | T43: 46173 | U43: Ready | V43: No blocker | W43: nt00234 | X43: 46187 | Y43: Record is ready for expected transaction flow.
A44: ENR-0043 | B44: Southview Endocrinology | C44: Dr. Mark Joshi | D44: IND-NPI-1043 | E44: GRP-NPI-9022 | F44: GRP-NPI-9022 | G44: GRP-NPI-9022 | H44: SYN-TIN-042 | I44: United Healthcare | J44: WRONG-UHC | K44: Commercial | L44: NA | M44: ERA | N44: Completed | O44: Not Required | P44: Rejected | Q44: Yes | R44: Issue Found | S44: 46166 | U44: Blocked | V44: Old payer ID used | W44: rc48215 | X44: 46180 | Y44: Outdated payer ID needs to be replaced with current payer ID.
A45: ENR-0044 | B45: Maple Leaf Urgent Care | C45: Dr. Grace Rao | D45: IND-NPI-1044 | E45: GRP-NPI-9009 | F45: GRP-NPI-9009 | G45: GRP-NPI-9009 | H45: SYN-TIN-039 | I45: Medicaid | J45: MCD002 | K45: Government | L45: PTAN-0044 | M45: ERA | N45: Completed | O45: Not Required | P45: Pending | Q45: Yes | R45: In Progress | S45: 46081 | U45: Pending | V45: Medicaid additional enrollment missing | W45: ew53009 | X45: 46185 | Y45: Medicaid requires additional enrollment after credentialing.
A46: ENR-0045 | B46: Maple Leaf Urgent Care | C46: Dr. Ivy Das | D46: IND-NPI-1045 | E46: GRP-NPI-9001 | F46: GRP-NPI-9001 | G46: IND-NPI-1045 | H46: SYN-TIN-057 | I46: Blue Cross | J46: BCBS01 | K46: Commercial | L46: NA | M46: ERA | N46: Completed | O46: Not Required | P46: Rejected | Q46: Yes | R46: Issue Found | S46: 46119 | U46: Blocked | V46: Individual NPI used instead of group NPI | W46: rc48215 | X46: 46183 | Y46: Enrollment was submitted under individual NPI instead of group billing NPI.
A47: ENR-0046 | B47: Coral Springs Primary Care | C47: Dr. Omar Scott | D47: IND-NPI-1046 | E47: GRP-NPI-9031 | F47: GRP-NPI-9031 | G47: GRP-NPI-9031 | H47: SYN-TIN-043 | I47: Humana | J47: HUM-OLD | K47: Commercial | L47: NA | M47: Claims and ERA | N47: Completed | O47: Rejected | P47: Rejected | Q47: Yes | R47: Issue Found | S47: 46058 | U47: Blocked | V47: Wrong payer ID | W47: ew53009 | X47: 46180 | Y47: Incorrect payer ID was used for enrollment or routing.
A48: ENR-0047 | B48: Greenway Internal Medicine | C48: Dr. Sanjay Joshi | D48: IND-NPI-1047 | E48: GRP-NPI-9020 | F48: GRP-NPI-9020 | G48: GRP-NPI-9020 | H48: SYN-TIN-010 | I48: Medicaid | J48: MCD002 | K48: Government | L48: PTAN-0047 | M48: Claims and ERA | N48: Completed | O48: Approved | P48: Approved | Q48: Yes | R48: Completed | S48: 46048 | T48: 46058 | U48: Ready | V48: No blocker | W48: ew53009 | X48: 46183 | Y48: Record is ready for expected transaction flow.
A49: ENR-0048 | B49: Blue Harbor ENT | C49: Dr. Mina Nguyen | D49: IND-NPI-1048 | E49: GRP-NPI-9041 | F49: GRP-NPI-9041 | G49: GRP-NPI-9041 | H49: SYN-TIN-019 | I49: United Healthcare | J49: UHC001 | K49: Commercial | L49: NA | M49: Claims | N49: In Progress | O49: Not Started | P49: Not Required | Q49: No | R49: Not Started | S49: 46163 | U49: Pending | V49: Credentialing not completed | W49: nt00234 | X49: 46182 | Y49: Credentialing must be completed before enrollment can proceed.
A50: ENR-0049 | B50: Eastwood Pulmonary | C50: Dr. Asha Nguyen | D50: IND-NPI-1049 | E50: GRP-NPI-9007 | F50: GRP-NPI-9007 | G50: GRP-NPI-9007 | H50: SYN-TIN-016 | I50: Humana | J50: HUM001 | K50: Commercial | L50: NA | M50: ERA | N50: Completed | O50: Not Required | P50: Approved | Q50: Yes | R50: Completed | S50: 46169 | T50: 46175 | U50: Ready | V50: No blocker | W50: nt00234 | X50: 46184 | Y50: Record is ready for expected transaction flow.
A51: ENR-0050 | B51: Blue Harbor ENT | C51: Dr. Sara Rivera | D51: IND-NPI-1050 | E51: GRP-NPI-9030 | F51: GRP-NPI-9030 | G51: GRP-NPI-9121 | H51: SYN-TIN-055 | I51: Cigna | J51: CIG001 | K51: Commercial | L51: NA | M51: Claims and ERA | N51: Completed | O51: Rejected | P51: Rejected | Q51: Yes | R51: Issue Found | S51: 46150 | U51: Blocked | V51: Credentialed NPI mismatch | W51: ew53009 | X51: 46185 | Y51: Enrolled NPI does not match the payer-credentialed NPI.
A52: ENR-0051 | B52: Evergreen Urology | C52: Dr. Ivy Morgan | D52: IND-NPI-1051 | E52: GRP-NPI-9011 | F52: GRP-NPI-9011 | G52: IND-NPI-1051 | H52: SYN-TIN-063 | I52: Cigna | J52: CIG001 | K52: Commercial | L52: NA | M52: Claims and ERA | N52: Completed | O52: Rejected | P52: Rejected | Q52: Yes | R52: Issue Found | S52: 46100 | U52: Blocked | V52: Individual NPI used instead of group NPI | W52: k19731 | X52: 46186 | Y52: Enrollment was submitted under individual NPI instead of group billing NPI.
A53: ENR-0052 | B53: Eastwood Pulmonary | C53: Dr. Sanjay Khan | D53: IND-NPI-1052 | E53: GRP-NPI-9029 | F53: GRP-NPI-9029 | G53: GRP-NPI-9029 | H53: SYN-TIN-018 | I53: Medicare | J53: MED001 | K53: Government | L53: PTAN-0052 | M53: Claims and ERA | N53: Completed | O53: Approved | P53: Approved | Q53: Yes | R53: Completed | S53: 46122 | T53: 46134 | U53: Ready | V53: No blocker | W53: nt92346 | X53: 46184 | Y53: Record is ready for expected transaction flow.
A54: ENR-0053 | B54: Hillcrest Orthopedics | C54: Dr. Lily Kapoor | D54: IND-NPI-1053 | E54: GRP-NPI-9045 | F54: GRP-NPI-9045 | G54: GRP-NPI-9045 | H54: SYN-TIN-054 | I54: Medicaid | J54: MCD002 | K54: Government | L54: PTAN-0053 | M54: Claims and ERA | N54: Completed | O54: Approved | P54: Approved | Q54: Yes | R54: Completed | S54: 46141 | T54: 46153 | U54: Ready | V54: No blocker | W54: rc48215 | X54: 46184 | Y54: Record is ready for expected transaction flow.
A55: ENR-0054 | B55: Northside Pediatrics | C55: Dr. Omar Das | D55: IND-NPI-1054 | E55: GRP-NPI-9027 | F55: GRP-NPI-9027 | G55: GRP-NPI-9145 | H55: SYN-TIN-062 | I55: Aetna | J55: AET001 | K55: Commercial | L55: NA | M55: Claims and ERA | N55: Completed | O55: Rejected | P55: Rejected | Q55: Yes | R55: Issue Found | S55: 46042 | U55: Blocked | V55: Credentialed NPI mismatch | W55: rc48215 | X55: 46185 | Y55: Enrolled NPI does not match the payer-credentialed NPI.
A56: ENR-0055 | B56: River Valley Family Care | C56: Dr. Nathan Brooks | D56: IND-NPI-1055 | E56: GRP-NPI-9025 | F56: GRP-NPI-9025 | G56: GRP-NPI-9025 | H56: SYN-TIN-056 | I56: Humana | J56: HUM-OLD | K56: Commercial | L56: NA | M56: Claims and ERA | N56: Completed | O56: Rejected | P56: Rejected | Q56: Yes | R56: Issue Found | S56: 46161 | U56: Blocked | V56: Old payer ID used | W56: k19731 | X56: 46179 | Y56: Outdated payer ID needs to be replaced with current payer ID.
A57: ENR-0056 | B57: Valley View Gastro | C57: Dr. Neha Kapoor | D57: IND-NPI-1056 | E57: GRP-NPI-9022 | F57: GRP-NPI-9022 | G57: IND-NPI-1056 | H57: SYN-TIN-004 | I57: Cigna | J57: CIG001 | K57: Commercial | L57: NA | M57: Claims and ERA | N57: Completed | O57: Rejected | P57: Rejected | Q57: Yes | R57: Issue Found | S57: 46079 | U57: Blocked | V57: Individual NPI used instead of group NPI | W57: nt00234 | X57: 46183 | Y57: Enrollment was submitted under individual NPI instead of group billing NPI.
A58: ENR-0057 | B58: Canyon Ridge Clinic | C58: Dr. Noah Miller | D58: IND-NPI-1057 | E58: GRP-NPI-9037 | F58: GRP-NPI-9037 | G58: GRP-NPI-9037 | H58: SYN-TIN-007 | I58: Cigna | J58: CIG001 | K58: Commercial | L58: NA | M58: Claims | N58: In Progress | O58: Not Started | P58: Not Required | Q58: No | R58: Not Started | S58: 46071 | U58: Pending | V58: Credentialing not completed | W58: nt00234 | X58: 46183 | Y58: Credentialing must be completed before enrollment can proceed.
A59: ENR-0058 | B59: Westbrook Dermatology | C59: Dr. Amara Iyer | D59: IND-NPI-1058 | E59: GRP-NPI-9014 | F59: GRP-NPI-9014 | G59: GRP-NPI-9014 | H59: SYN-TIN-011 | I59: Aetna | J59: WRONG-AET | K59: Commercial | L59: NA | M59: ERA | N59: Completed | O59: Not Required | P59: Rejected | Q59: Yes | R59: Issue Found | S59: 46108 | U59: Blocked | V59: Wrong payer ID | W59: k19731 | X59: 46182 | Y59: Incorrect payer ID was used for enrollment or routing.
A60: ENR-0059 | B60: Valley View Gastro | C60: Dr. Neha Torres | D60: IND-NPI-1059 | E60: GRP-NPI-9035 | F60: GRP-NPI-9035 | G60: GRP-NPI-9035 | H60: SYN-TIN-004 | I60: Medicare | J60: MED001 | K60: Government | L60: PTAN-0059 | M60: Claims and ERA | N60: Completed | O60: Approved | P60: Pending | Q60: No | R60: Pending | S60: 46054 | U60: Pending | V60: Clearinghouse portal not updated | W60: nt92346 | X60: 46186 | Y60: Clearinghouse route or portal setup needs update before go-live.
A61: ENR-0060 | B61: Oak Street Primary Care | C61: Dr. Isha Das | D61: IND-NPI-1060 | E61: GRP-NPI-9002 | F61: GRP-NPI-9002 | G61: GRP-NPI-9002 | H61: SYN-TIN-033 | I61: United Healthcare | J61: UHC001 | K61: Commercial | L61: NA | M61: Claims | N61: Completed | O61: Approved | P61: Not Required | Q61: Yes | R61: Completed | S61: 46066 | T61: 46082 | U61: Ready | V61: No blocker | W61: rc48215 | X61: 46179 | Y61: Record is ready for expected transaction flow.
A62: ENR-0061 | B62: Clearwater Pulmonary | C62: Dr. Elena Nair | D62: IND-NPI-1061 | E62: GRP-NPI-9039 | F62: GRP-NPI-9039 | G62: GRP-NPI-9039 | H62: SYN-TIN-004 | I62: United Healthcare | J62: UHC001 | K62: Commercial | L62: NA | M62: Claims and ERA | N62: In Progress | O62: Not Started | P62: Not Started | Q62: No | R62: Not Started | S62: 46078 | U62: Pending | V62: Credentialing not completed | W62: nt92346 | X62: 46180 | Y62: Credentialing must be completed before enrollment can proceed.
A63: ENR-0062 | B63: Canyon Ridge Clinic | C63: Dr. Farah Miller | D63: IND-NPI-1062 | E63: GRP-NPI-9044 | F63: GRP-NPI-9044 | G63: GRP-NPI-9044 | H63: SYN-TIN-014 | I63: Aetna | J63: AET001 | K63: Commercial | L63: NA | M63: ERA | N63: In Progress | O63: Not Required | P63: Not Started | Q63: No | R63: Not Started | S63: 46056 | U63: Pending | V63: Credentialing not completed | W63: nt00234 | X63: 46185 | Y63: Credentialing must be completed before enrollment can proceed.
A64: ENR-0063 | B64: Grand Oak Surgery Center | C64: Dr. Farah Carter | D64: IND-NPI-1063 | E64: GRP-NPI-9044 | F64: GRP-NPI-9044 | G64: GRP-NPI-9044 | H64: SYN-TIN-048 | I64: United Healthcare | J64: UHC-OLD | K64: Commercial | L64: NA | M64: Claims and ERA | N64: Completed | O64: Rejected | P64: Rejected | Q64: Yes | R64: Issue Found | S64: 46125 | U64: Blocked | V64: Wrong payer ID | W64: rc48215 | X64: 46184 | Y64: Incorrect payer ID was used for enrollment or routing.
A65: ENR-0064 | B65: Greenway Internal Medicine | C65: Dr. Owen Brown | D65: IND-NPI-1064 | E65: GRP-NPI-9022 | F65: GRP-NPI-9022 | G65: GRP-NPI-9022 | H65: SYN-TIN-059 | I65: Medicare | J65: MED001 | K65: Government | L65: PTAN-0064 | M65: Claims and ERA | N65: Completed | O65: Pending | P65: Pending | Q65: Yes | R65: In Progress | S65: 46064 | U65: Pending | V65: Missing payer approval | W65: k19731 | X65: 46182 | Y65: Waiting on payer approval or payer response.
A66: ENR-0065 | B66: Grand Oak Surgery Center | C66: Dr. Alan Ali | D66: IND-NPI-1065 | E66: GRP-NPI-9012 | F66: GRP-NPI-9012 | G66: GRP-NPI-9012 | H66: SYN-TIN-056 | I66: Cigna | J66: CIG001 | K66: Commercial | L66: NA | M66: Claims and ERA | N66: In Progress | O66: Not Started | P66: Not Started | Q66: No | R66: Not Started | S66: 46174 | U66: Pending | V66: Credentialing not completed | W66: rc48215 | X66: 46183 | Y66: Credentialing must be completed before enrollment can proceed.
A67: ENR-0066 | B67: Evergreen Urology | C67: Dr. Zara Khan | D67: IND-NPI-1066 | E67: GRP-NPI-9021 | F67: GRP-NPI-9021 | G67: GRP-NPI-9021 | H67: SYN-TIN-060 | I67: Humana | J67: HUM001 | K67: Commercial | L67: NA | M67: Claims | N67: Completed | O67: Approved | P67: Not Required | Q67: Yes | R67: In Progress | S67: 46108 | U67: Pending | V67: ERA setup not completed | W67: nt00234 | X67: 46183 | Y67: ERA enrollment or routing is not fully completed.
A68: ENR-0067 | B68: Metro Spine Center | C68: Dr. Mira Joshi | D68: IND-NPI-1067 | E68: GRP-NPI-9025 | F68: GRP-NPI-9025 | G68: GRP-NPI-9025 | H68: SYN-TIN-034 | I68: Blue Cross | J68: OLD-BCBS | K68: Commercial | L68: NA | M68: Claims | N68: Completed | O68: Rejected | P68: Not Required | Q68: Yes | R68: Issue Found | S68: 46161 | U68: Blocked | V68: Old payer ID used | W68: k19731 | X68: 46179 | Y68: Outdated payer ID needs to be replaced with current payer ID.
A69: ENR-0068 | B69: Pine Ridge Family Clinic | C69: Dr. Aditya Nguyen | D69: IND-NPI-1068 | E69: GRP-NPI-9039 | F69: GRP-NPI-9039 | G69: GRP-NPI-9134 | H69: SYN-TIN-053 | I69: Cigna | J69: CIG001 | K69: Commercial | L69: NA | M69: Claims and ERA | N69: Completed | O69: Rejected | P69: Rejected | Q69: Yes | R69: Issue Found | S69: 46085 | U69: Blocked | V69: Credentialed NPI mismatch | W69: nt00234 | X69: 46177 | Y69: Enrolled NPI does not match the payer-credentialed NPI.
A70: ENR-0069 | B70: Valley View Gastro | C70: Dr. Ivy Singh | D70: IND-NPI-1069 | E70: GRP-NPI-9016 | F70: GRP-NPI-9016 | G70: GRP-NPI-9016 | H70: SYN-TIN-038 | I70: Cigna | J70: CIG001 | K70: Commercial | L70: NA | M70: Claims and ERA | N70: In Progress | O70: Not Started | P70: Not Started | Q70: No | R70: Not Started | S70: 46151 | U70: Pending | V70: Credentialing not completed | W70: nt92346 | X70: 46176 | Y70: Credentialing must be completed before enrollment can proceed.
A71: ENR-0070 | B71: Oak Street Primary Care | C71: Dr. Noah Reed | D71: IND-NPI-1070 | E71: GRP-NPI-9016 | F71: GRP-NPI-9016 | G71: GRP-NPI-9016 | H71: SYN-TIN-043 | I71: Blue Cross | J71: BCBS01 | K71: Commercial | L71: NA | M71: Claims and ERA | N71: Completed | O71: Approved | P71: Pending | Q71: No | R71: Pending | S71: 46172 | U71: Pending | V71: Clearinghouse portal not updated | W71: rc48215 | X71: 46181 | Y71: Clearinghouse route or portal setup needs update before go-live.
A72: ENR-0071 | B72: Silverline Neurology | C72: Dr. Aria Khan | D72: IND-NPI-1071 | E72: GRP-NPI-9020 | F72: GRP-NPI-9020 | G72: GRP-NPI-9020 | H72: SYN-TIN-024 | I72: Blue Cross | J72: BCBS01 | K72: Commercial | L72: NA | M72: Claims | N72: In Progress | O72: Not Started | P72: Not Required | Q72: No | R72: Not Started | S72: 46117 | U72: Pending | V72: Credentialing not completed | W72: ew53009 | X72: 46177 | Y72: Credentialing must be completed before enrollment can proceed.
A73: ENR-0072 | B73: Cedar Grove Clinic | C73: Dr. Omar Torres | D73: IND-NPI-1072 | E73: GRP-NPI-9031 | F73: GRP-NPI-9031 | G73: GRP-NPI-9031 | H73: SYN-TIN-013 | I73: Blue Cross | J73: BCBS01 | K73: Commercial | L73: NA | M73: Claims and ERA | N73: Completed | O73: Approved | P73: Pending | Q73: Yes | R73: In Progress | S73: 46171 | U73: Pending | V73: ERA setup not completed | W73: k19731 | X73: 46185 | Y73: ERA enrollment or routing is not fully completed.
A74: ENR-0073 | B74: Evergreen Urology | C74: Dr. Isha Brooks | D74: IND-NPI-1073 | E74: GRP-NPI-9015 | F74: GRP-NPI-9015 | G74: GRP-NPI-9015 | H74: SYN-TIN-038 | I74: Blue Cross | J74: BCBS01 | K74: Commercial | L74: NA | M74: Claims | N74: Completed | O74: Approved | P74: Not Required | Q74: Yes | R74: Completed | S74: 46173 | T74: 46174 | U74: Ready | V74: No blocker | W74: nt92346 | X74: 46176 | Y74: Record is ready for expected transaction flow.
A75: ENR-0074 | B75: Grand Oak Surgery Center | C75: Dr. Sara Brown | D75: IND-NPI-1074 | E75: GRP-NPI-9032 | F75: GRP-NPI-9032 | G75: GRP-NPI-9032 | H75: SYN-TIN-024 | I75: Medicare | J75: MED001 | K75: Government | L75: PTAN-WRONG | M75: Claims and ERA | N75: Completed | O75: Rejected | P75: Rejected | Q75: Yes | R75: Issue Found | S75: 46159 | U75: Blocked | V75: Incorrect PTAN/provider number | W75: k19731 | X75: 46183 | Y75: PTAN or government payer provider number needs correction.
A76: ENR-0075 | B76: Northside Pediatrics | C76: Dr. Hannah Carter | D76: IND-NPI-1075 | E76: GRP-NPI-9031 | F76: GRP-NPI-9031 | G76: IND-NPI-1075 | H76: SYN-TIN-020 | I76: Medicare | J76: MED001 | K76: Government | L76: PTAN-0075 | M76: Claims and ERA | N76: Completed | O76: Rejected | P76: Rejected | Q76: Yes | R76: Issue Found | S76: 46055 | U76: Blocked | V76: Individual NPI used instead of group NPI | W76: nt92346 | X76: 46185 | Y76: Enrollment was submitted under individual NPI instead of group billing NPI.
A77: ENR-0076 | B77: Hillcrest Orthopedics | C77: Dr. Elias Brooks | D77: IND-NPI-1076 | E77: GRP-NPI-9006 | F77: GRP-NPI-9006 | G77: GRP-NPI-9006 | H77: SYN-TIN-057 | I77: Medicaid | J77: MCD-OLD | K77: Government | L77: PTAN-0076 | M77: Claims | N77: Completed | O77: Rejected | P77: Not Required | Q77: Yes | R77: Issue Found | S77: 46170 | U77: Blocked | V77: Old payer ID used | W77: rc48215 | X77: 46182 | Y77: Outdated payer ID needs to be replaced with current payer ID.
A78: ENR-0077 | B78: Summit Eye Care | C78: Dr. Zara Ali | D78: IND-NPI-1077 | E78: GRP-NPI-9020 | F78: GRP-NPI-9020 | G78: GRP-NPI-9107 | H78: SYN-TIN-034 | I78: United Healthcare | J78: UHC001 | K78: Commercial | L78: NA | M78: Claims and ERA | N78: Completed | O78: Rejected | P78: Rejected | Q78: Yes | R78: Issue Found | S78: 46090 | U78: Blocked | V78: Credentialed NPI mismatch | W78: nt00234 | X78: 46186 | Y78: Enrolled NPI does not match the payer-credentialed NPI.
A79: ENR-0078 | B79: Coral Springs Primary Care | C79: Dr. Vivek Nair | D79: IND-NPI-1078 | E79: GRP-NPI-9016 | F79: GRP-NPI-9016 | G79: GRP-NPI-9016 | H79: SYN-TIN-061 | I79: Medicaid | J79: MCD002 | K79: Government | L79: PTAN-0078 | M79: Claims and ERA | N79: Completed | O79: Approved | P79: Approved | Q79: Yes | R79: Completed | S79: 46141 | T79: 46155 | U79: Ready | V79: No blocker | W79: ew53009 | X79: 46187 | Y79: Record is ready for expected transaction flow.
A80: ENR-0079 | B80: Summit Eye Care | C80: Dr. Daniel Patel | D80: IND-NPI-1079 | E80: GRP-NPI-9019 | F80: GRP-NPI-9019 | G80: GRP-NPI-9019 | H80: SYN-TIN-034 | I80: Cigna | J80: CIG001 | K80: Commercial | L80: NA | M80: ERA | N80: Completed | O80: Not Required | P80: Pending | Q80: Yes | R80: In Progress | S80: 46055 | U80: Pending | V80: Missing payer approval | W80: nt00234 | X80: 46186 | Y80: Waiting on payer approval or payer response.
A81: ENR-0080 | B81: Liberty Primary Care | C81: Dr. Zara Joshi | D81: IND-NPI-1080 | E81: GRP-NPI-9013 | F81: GRP-NPI-9013 | G81: GRP-NPI-9013 | H81: SYN-TIN-008 | I81: Aetna | J81: AET001 | K81: Commercial | L81: NA | M81: Claims | N81: Completed | O81: Approved | P81: Not Required | Q81: Yes | R81: Completed | S81: 46075 | T81: 46086 | U81: Ready | V81: No blocker | W81: nt92346 | X81: 46178 | Y81: Record is ready for expected transaction flow.
A82: ENR-0081 | B82: BrightCare Cardiology | C82: Dr. Farah Ahmed | D82: IND-NPI-1081 | E82: GRP-NPI-9037 | F82: GRP-NPI-9037 | G82: IND-NPI-1081 | H82: SYN-TIN-035 | I82: Blue Cross | J82: BCBS01 | K82: Commercial | L82: NA | M82: ERA | N82: Completed | O82: Not Required | P82: Rejected | Q82: Yes | R82: Issue Found | S82: 46114 | U82: Blocked | V82: Individual NPI used instead of group NPI | W82: rc48215 | X82: 46187 | Y82: Enrollment was submitted under individual NPI instead of group billing NPI.
A83: ENR-0082 | B83: Riverside Behavioral Health | C83: Dr. Samir Mehta | D83: IND-NPI-1082 | E83: GRP-NPI-9029 | F83: GRP-NPI-9029 | G83: GRP-NPI-9029 | H83: SYN-TIN-004 | I83: Medicare | J83: MED001 | K83: Government | L83: PTAN-0082 | M83: Claims and ERA | N83: Completed | O83: Approved | P83: Pending | Q83: Yes | R83: In Progress | S83: 46119 | U83: Pending | V83: ERA setup not completed | W83: k19731 | X83: 46185 | Y83: ERA enrollment or routing is not fully completed.
A84: ENR-0083 | B84: Greenway Internal Medicine | C84: Dr. Lily Joshi | D84: IND-NPI-1083 | E84: GRP-NPI-9037 | F84: GRP-NPI-9037 | G84: GRP-NPI-9037 | H84: SYN-TIN-023 | I84: United Healthcare | J84: UHC001 | K84: Commercial | L84: NA | M84: Claims and ERA | N84: Completed | O84: Approved | P84: Pending | Q84: Yes | R84: In Progress | S84: 46105 | U84: Pending | V84: ERA setup not completed | W84: nt92346 | X84: 46185 | Y84: ERA enrollment or routing is not fully completed.
A85: ENR-0084 | B85: Valley View Gastro | C85: Dr. Nora Brown | D85: IND-NPI-1084 | E85: GRP-NPI-9029 | F85: GRP-NPI-9029 | G85: GRP-NPI-9141 | H85: SYN-TIN-045 | I85: Blue Cross | J85: BCBS01 | K85: Commercial | L85: NA | M85: Claims | N85: Completed | O85: Rejected | P85: Not Required | Q85: Yes | R85: Issue Found | S85: 46162 | U85: Blocked | V85: Credentialed NPI mismatch | W85: rc48215 | X85: 46177 | Y85: Enrolled NPI does not match the payer-credentialed NPI.
A86: ENR-0085 | B86: Southview Endocrinology | C86: Dr. Meera Iyer | D86: IND-NPI-1085 | E86: GRP-NPI-9043 | F86: GRP-NPI-9043 | G86: GRP-NPI-9043 | H86: SYN-TIN-005 | I86: Medicare | J86: MED001 | K86: Government | L86: PTAN-0085 | M86: Claims and ERA | N86: Completed | O86: Approved | P86: Pending | Q86: No | R86: Pending | S86: 46163 | U86: Pending | V86: Clearinghouse portal not updated | W86: rc48215 | X86: 46180 | Y86: Clearinghouse route or portal setup needs update before go-live.
A87: ENR-0086 | B87: Blue Harbor ENT | C87: Dr. Vivek Iyer | D87: IND-NPI-1086 | E87: GRP-NPI-9017 | F87: GRP-NPI-9017 | G87: GRP-NPI-9017 | H87: SYN-TIN-007 | I87: Blue Cross | J87: OLD-BCBS | K87: Commercial | L87: NA | M87: Claims | N87: Completed | O87: Rejected | P87: Not Required | Q87: Yes | R87: Issue Found | S87: 46175 | U87: Blocked | V87: Wrong payer ID | W87: rc48215 | X87: 46183 | Y87: Incorrect payer ID was used for enrollment or routing.
A88: ENR-0087 | B88: Cedar Grove Clinic | C88: Dr. Nora Gray | D88: IND-NPI-1087 | E88: GRP-NPI-9040 | F88: GRP-NPI-9040 | G88: IND-NPI-1087 | H88: SYN-TIN-017 | I88: Humana | J88: HUM001 | K88: Commercial | L88: NA | M88: Claims and ERA | N88: Completed | O88: Rejected | P88: Rejected | Q88: Yes | R88: Issue Found | S88: 46050 | U88: Blocked | V88: Individual NPI used instead of group NPI | W88: k19731 | X88: 46179 | Y88: Enrollment was submitted under individual NPI instead of group billing NPI.
A89: ENR-0088 | B89: Canyon Ridge Clinic | C89: Dr. Grace Morgan | D89: IND-NPI-1088 | E89: GRP-NPI-9045 | F89: GRP-NPI-9045 | G89: GRP-NPI-9045 | H89: SYN-TIN-040 | I89: Aetna | J89: AET001 | K89: Commercial | L89: NA | M89: Claims | N89: Completed | O89: Approved | P89: Not Required | Q89: Yes | R89: In Progress | S89: 46098 | U89: Pending | V89: ERA setup not completed | W89: nt00234 | X89: 46187 | Y89: ERA enrollment or routing is not fully completed.
A90: ENR-0089 | B90: Sunrise Family Medicine | C90: Dr. Asha Rao | D90: IND-NPI-1089 | E90: GRP-NPI-9027 | F90: GRP-NPI-9027 | G90: GRP-NPI-9027 | H90: SYN-TIN-020 | I90: Medicare | J90: MED001 | K90: Government | L90: PTAN-0089 | M90: Claims | N90: Completed | O90: Pending | P90: Not Required | Q90: Yes | R90: In Progress | S90: 46066 | U90: Pending | V90: Missing payer approval | W90: nt92346 | X90: 46183 | Y90: Waiting on payer approval or payer response.
A91: ENR-0090 | B91: Valley View Gastro | C91: Dr. Grace Scott | D91: IND-NPI-1090 | E91: GRP-NPI-9018 | F91: GRP-NPI-9018 | G91: GRP-NPI-9018 | H91: SYN-TIN-019 | I91: Aetna | J91: AET001 | K91: Commercial | L91: NA | M91: Claims and ERA | N91: Completed | O91: Approved | P91: Pending | Q91: Yes | R91: In Progress | S91: 46099 | U91: Pending | V91: ERA setup not completed | W91: ew53009 | X91: 46183 | Y91: ERA enrollment or routing is not fully completed.
A92: ENR-0091 | B92: Maple Leaf Urgent Care | C92: Dr. Isha Bennett | D92: IND-NPI-1091 | E92: GRP-NPI-9039 | F92: GRP-NPI-9039 | G92: GRP-NPI-9039 | H92: SYN-TIN-065 | I92: United Healthcare | J92: UHC001 | K92: Commercial | L92: NA | M92: Claims and ERA | N92: Completed | O92: Approved | P92: Approved | Q92: Yes | R92: Completed | S92: 46054 | T92: 46065 | U92: Ready | V92: No blocker | W92: k19731 | X92: 46182 | Y92: Record is ready for expected transaction flow.
A93: ENR-0092 | B93: Westbrook Dermatology | C93: Dr. Asha Brooks | D93: IND-NPI-1092 | E93: GRP-NPI-9020 | F93: GRP-NPI-9020 | G93: GRP-NPI-9020 | H93: SYN-TIN-062 | I93: Humana | J93: HUM001 | K93: Commercial | L93: NA | M93: Claims and ERA | N93: Completed | O93: Approved | P93: Pending | Q93: Yes | R93: In Progress | S93: 46162 | U93: Pending | V93: ERA setup not completed | W93: rc48215 | X93: 46178 | Y93: ERA enrollment or routing is not fully completed.
A94: ENR-0093 | B94: Silverline Neurology | C94: Dr. Meera Rao | D94: IND-NPI-1093 | E94: GRP-NPI-9035 | F94: GRP-NPI-9035 | G94: GRP-NPI-9035 | H94: SYN-TIN-050 | I94: Aetna | J94: AET001 | K94: Commercial | L94: NA | M94: Claims and ERA | N94: Completed | O94: Approved | P94: Pending | Q94: No | R94: Pending | S94: 46085 | U94: Pending | V94: Clearinghouse portal not updated | W94: nt00234 | X94: 46187 | Y94: Clearinghouse route or portal setup needs update before go-live.
A95: ENR-0094 | B95: Oak Street Primary Care | C95: Dr. Mina Rao | D95: IND-NPI-1094 | E95: GRP-NPI-9021 | F95: GRP-NPI-9021 | G95: GRP-NPI-9021 | H95: SYN-TIN-064 | I95: Cigna | J95: CIG001 | K95: Commercial | L95: NA | M95: Claims and ERA | N95: Completed | O95: Pending | P95: Pending | Q95: Yes | R95: In Progress | S95: 46134 | U95: Pending | V95: Missing payer approval | W95: nt00234 | X95: 46182 | Y95: Waiting on payer approval or payer response.
A96: ENR-0095 | B96: Northside Pediatrics | C96: Dr. Sara Scott | D96: IND-NPI-1095 | E96: GRP-NPI-9038 | F96: GRP-NPI-9038 | G96: GRP-NPI-9038 | H96: SYN-TIN-059 | I96: Blue Cross | J96: BCBS01 | K96: Commercial | L96: NA | M96: Claims and ERA | N96: Completed | O96: Pending | P96: Pending | Q96: Yes | R96: In Progress | S96: 46149 | U96: Pending | V96: Missing payer approval | W96: ew53009 | X96: 46177 | Y96: Waiting on payer approval or payer response.
A97: ENR-0096 | B97: River Valley Family Care | C97: Dr. Alan Ali | D97: IND-NPI-1096 | E97: GRP-NPI-9042 | F97: GRP-NPI-9042 | G97: GRP-NPI-9042 | H97: SYN-TIN-011 | I97: Medicaid | J97: WRONG-MCD | K97: Government | L97: PTAN-0096 | M97: Claims | N97: Completed | O97: Rejected | P97: Not Required | Q97: Yes | R97: Issue Found | S97: 46123 | U97: Blocked | V97: Old payer ID used | W97: rc48215 | X97: 46185 | Y97: Outdated payer ID needs to be replaced with current payer ID.
A98: ENR-0097 | B98: Harborview Pediatrics | C98: Dr. Meera Carter | D98: IND-NPI-1097 | E98: GRP-NPI-9044 | F98: GRP-NPI-9044 | G98: GRP-NPI-9044 | H98: SYN-TIN-009 | I98: Humana | J98: HUM001 | K98: Commercial | L98: NA | M98: Claims and ERA | N98: Completed | O98: Approved | P98: Pending | Q98: Yes | R98: In Progress | S98: 46161 | U98: Pending | V98: ERA setup not completed | W98: nt92346 | X98: 46184 | Y98: ERA enrollment or routing is not fully completed.
A99: ENR-0098 | B99: Oak Street Primary Care | C99: Dr. Grace Patel | D99: IND-NPI-1098 | E99: GRP-NPI-9006 | F99: GRP-NPI-9006 | G99: GRP-NPI-9006 | H99: SYN-TIN-004 | I99: Aetna | J99: AET-OLD | K99: Commercial | L99: NA | M99: Claims and ERA | N99: Completed | O99: Rejected | P99: Rejected | Q99: Yes | R99: Issue Found | S99: 46150 | U99: Blocked | V99: Wrong payer ID | W99: k19731 | X99: 46178 | Y99: Incorrect payer ID was used for enrollment or routing.
A100: ENR-0099 | B100: Northside Pediatrics | C100: Dr. Kevin Rivera | D100: IND-NPI-1099 | E100: GRP-NPI-9004 | F100: GRP-NPI-9004 | G100: IND-NPI-1099 | H100: SYN-TIN-024 | I100: Blue Cross | J100: BCBS01 | K100: Commercial | L100: NA | M100: ERA | N100: Completed | O100: Not Required | P100: Rejected | Q100: Yes | R100: Issue Found | S100: 46099 | U100: Blocked | V100: Individual NPI used instead of group NPI | W100: rc48215 | X100: 46184 | Y100: Enrollment was submitted under individual NPI instead of group billing NPI.
...

Sheet working_clean_data
A1: Record ID | B1: Practice Name | C1: Provider Name | D1: Individual NPI | E1: Group NPI | F1: Credentialed NPI | G1: Enrolled NPI | H1: Tax ID | I1: Payer Name | J1: Payer ID | K1: Payer Type | L1: PTAN / Provider Number | M1: Enrollment Type | N1: Credentialing Status | O1: Claims Enrollment Status | P1: ERA Enrollment Status | Q1: Clearinghouse Portal Updated | R1: Clearinghouse Configuration Status | S1: Submitted Date | T1: Approved Date | U1: Current Status | V1: Blocker Reason | W1: Assigned Owner | X1: Follow-up Date | Y1: Notes | Z1: Aging Days | AA1: SLA Status | AB1: NPI Match Status | AC1: Provider Identifier Issue Flag | AD1: Payer Routing issue Flag | AE1: Clearinghouse gap Flag | AF1: Government Payer Issue Flag | AG1: Claims Ready Flag | AH1: ERA Ready Flag | AI1: Action Required Flag | AK1: Total Records | AL1: =ROWS(tblEnrollment[Record ID]) -> 250
A2: ENR-0001 | B2: Eastwood Pulmonary | C2: Dr. Rohan Menon | D2: IND-NPI-1001 | E2: GRP-NPI-9018 | F2: GRP-NPI-9018 | G2: GRP-NPI-9018 | H2: SYN-TIN-012 | I2: Medicaid | J2: MCD-OLD | K2: Government | L2: PTAN-0001 | M2: Claims | N2: Completed | O2: Rejected | P2: Not Required | Q2: Yes | R2: Issue Found | S2: 46145 | U2: Blocked | V2: Wrong payer ID | W2: nt92346 | X2: 46176 | Y2: Incorrect payer ID was used for enrollment or routing. | Z2: =IF(tblEnrollment[[#This Row],[Approved Date]]="",DATE(2026,6,3)-tblEnrollment[[#This Row],[Submitted Date]],tblEnrollment[[#This Row],[Approved Date]]-tblEnrollment[[#This Row],[Submitted Date]]) -> 31 | AA2: =IF(tblEnrollment[[#This Row],[Current Status]] ="Ready","Completed",IF(Z2>21,"SLA Breached","Within SLA")) -> SLA Breached | AB2: =IF(tblEnrollment[[#This Row],[Credentialed NPI]] =tblEnrollment[[#This Row],[Enrolled NPI]],"NPI Match","NPI Mismatch") -> NPI Match | AC2: =IF(OR(tblEnrollment[[#This Row],[Blocker Reason]] ="Individual NPI used instead of Group NPI",tblEnrollment[[#This Row],[Blocker Reason]] ="Credentialed NPI mismatch",tblEnrollment[[#This Row],[Blocker Reason]] ="Incorrect PTAN/Provider number"),"Yes","No") -> No | AD2: =IF(OR(tblEnrollment[[#This Row],[Blocker Reason]] ="Wrong Payer ID",tblEnrollment[[#This Row],[Blocker Reason]] ="Old Payer ID used"),"Yes","No") -> Yes | AE2: =IF(OR(tblEnrollment[[#This Row],[Clearinghouse Portal Updated]]="No",tblEnrollment[[#This Row],[Blocker Reason]] ="Clearinghouse portal not updated"),"Yes","No") -> No | AF2: =IF(OR(tblEnrollment[[#This Row],[Blocker Reason]] ="Medicaid additional enrollment missing",tblEnrollment[Blocker Reason]="Medicaid requires additional enrollment after credentialing.",tblEnrollment[[#This Row],[Blocker Reason]] ="Incorrect PTAN/Provider number",tblEnrollment[[#This Row],[Blocker Reason]] ="Medicare additional enrollment missing"),"Yes","No") -> No | AG2: =IF(OR(tblEnrollment[[#This Row],[Enrollment Type]]="Claims",tblEnrollment[[#This Row],[Enrollment Type]]="Claims and ERA"),IF(AND(tblEnrollment[[#This Row],[Credentialing Status]]="Completed",tblEnrollment[[#This Row],[Claims Enrollment Status]]="Approved",tblEnrollment[[#This Row],[Clearinghouse Configuration Status]]="Completed",AB2="NPI Match"),"Ready","Not Ready"),"Not Applicable") -> Not Ready | AH2: =IF(OR(tblEnrollment[[#This Row],[Enrollment Type]]="ERA",tblEnrollment[[#This Row],[Enrollment Type]]="Claims and ERA"),IF(AND(tblEnrollment[[#This Row],[Credentialing Status]]="Completed",tblEnrollment[[#This Row],[ERA Enrollment Status]]="Approved",tblEnrollment[[#This Row],[Clearinghouse Configuration Status]]="Completed",AB2="NPI Match"),"Ready","Not Ready"),"Not Applicable") -> Not Applicable | AI2: =IF(tblEnrollment[[#This Row],[Blocker Reason]] ="No Blocker","No","Yes") -> Yes | AK2: Records over 21 days | AL2: =COUNTIFS(tblEnrollment[Aging Days],">21",tblEnrollment[Current Status],"<>Ready") -> 158
A3: ENR-0002 | B3: Cedar Grove Clinic | C3: Dr. Lily Scott | D3: IND-NPI-1002 | E3: GRP-NPI-9039 | F3: GRP-NPI-9039 | G3: GRP-NPI-9039 | H3: SYN-TIN-036 | I3: Medicare | J3: WRONG-MED | K3: Government | L3: PTAN-0002 | M3: Claims and ERA | N3: Completed | O3: Rejected | P3: Rejected | Q3: Yes | R3: Issue Found | S3: 46093 | U3: Blocked | V3: Wrong payer ID | W3: ew53009 | X3: 46183 | Y3: Incorrect payer ID was used for enrollment or routing. | Z3: =IF(tblEnrollment[[#This Row],[Approved Date]]="",DATE(2026,6,3)-tblEnrollment[[#This Row],[Submitted Date]],tblEnrollment[[#This Row],[Approved Date]]-tblEnrollment[[#This Row],[Submitted Date]]) -> 83 | AA3: =IF(tblEnrollment[[#This Row],[Current Status]] ="Ready","Completed",IF(Z3>21,"SLA Breached","Within SLA")) -> SLA Breached | AB3: =IF(tblEnrollment[[#This Row],[Credentialed NPI]] =tblEnrollment[[#This Row],[Enrolled NPI]],"NPI Match","NPI Mismatch") -> NPI Match | AC3: =IF(OR(tblEnrollment[[#This Row],[Blocker Reason]] ="Individual NPI used instead of Group NPI",tblEnrollment[[#This Row],[Blocker Reason]] ="Credentialed NPI mismatch",tblEnrollment[[#This Row],[Blocker Reason]] ="Incorrect PTAN/Provider number"),"Yes","No") -> No | AD3: =IF(OR(tblEnrollment[[#This Row],[Blocker Reason]] ="Wrong Payer ID",tblEnrollment[[#This Row],[Blocker Reason]] ="Old Payer ID used"),"Yes","No") -> Yes | AE3: =IF(OR(tblEnrollment[[#This Row],[Clearinghouse Portal Updated]]="No",tblEnrollment[[#This Row],[Blocker Reason]] ="Clearinghouse portal not updated"),"Yes","No") -> No | AF3: =IF(OR(tblEnrollment[[#This Row],[Blocker Reason]] ="Medicaid additional enrollment missing",tblEnrollment[Blocker Reason]="Medicaid requires additional enrollment after credentialing.",tblEnrollment[[#This Row],[Blocker Reason]] ="Incorrect PTAN/Provider number",tblEnrollment[[#This Row],[Blocker Reason]] ="Medicare additional enrollment missing"),"Yes","No") -> No | AG3: =IF(OR(tblEnrollment[[#This Row],[Enrollment Type]]="Claims",tblEnrollment[[#This Row],[Enrollment Type]]="Claims and ERA"),IF(AND(tblEnrollment[[#This Row],[Credentialing Status]]="Completed",tblEnrollment[[#This Row],[Claims Enrollment Status]]="Approved",tblEnrollment[[#This Row],[Clearinghouse Configuration Status]]="Completed",AB3="NPI Match"),"Ready","Not Ready"),"Not Applicable") -> Not Ready | AH3: =IF(OR(tblEnrollment[[#This Row],[Enrollment Type]]="ERA",tblEnrollment[[#This Row],[Enrollment Type]]="Claims and ERA"),IF(AND(tblEnrollment[[#This Row],[Credentialing Status]]="Completed",tblEnrollment[[#This Row],[ERA Enrollment Status]]="Approved",tblEnrollment[[#This Row],[Clearinghouse Configuration Status]]="Completed",AB3="NPI Match"),"Ready","Not Ready"),"Not Applicable") -> Not Ready | AI3: =IF(tblEnrollment[[#This Row],[Blocker Reason]] ="No Blocker","No","Yes") -> Yes | AK3: Blank Record IDs | AL3: =COUNTBLANK(tblEnrollment[Record ID]) -> 0
A4: ENR-0003 | B4: Liberty Primary Care | C4: Dr. Asha Singh | D4: IND-NPI-1003 | E4: GRP-NPI-9011 | F4: GRP-NPI-9011 | G4: GRP-NPI-9011 | H4: SYN-TIN-012 | I4: Cigna | J4: CIG001 | K4: Commercial | L4: NA | M4: ERA | N4: Completed | O4: Not Required | P4: Pending | Q4: No | R4: Pending | S4: 46092 | U4: Pending | V4: Clearinghouse portal not updated | W4: nt92346 | X4: 46181 | Y4: Clearinghouse route or portal setup needs update before go-live. | Z4: =IF(tblEnrollment[[#This Row],[Approved Date]]="",DATE(2026,6,3)-tblEnrollment[[#This Row],[Submitted Date]],tblEnrollment[[#This Row],[Approved Date]]-tblEnrollment[[#This Row],[Submitted Date]]) -> 84 | AA4: =IF(tblEnrollment[[#This Row],[Current Status]] ="Ready","Completed",IF(Z4>21,"SLA Breached","Within SLA")) -> SLA Breached | AB4: =IF(tblEnrollment[[#This Row],[Credentialed NPI]] =tblEnrollment[[#This Row],[Enrolled NPI]],"NPI Match","NPI Mismatch") -> NPI Match | AC4: =IF(OR(tblEnrollment[[#This Row],[Blocker Reason]] ="Individual NPI used instead of Group NPI",tblEnrollment[[#This Row],[Blocker Reason]] ="Credentialed NPI mismatch",tblEnrollment[[#This Row],[Blocker Reason]] ="Incorrect PTAN/Provider number"),"Yes","No") -> No | AD4: =IF(OR(tblEnrollment[[#This Row],[Blocker Reason]] ="Wrong Payer ID",tblEnrollment[[#This Row],[Blocker Reason]] ="Old Payer ID used"),"Yes","No") -> No | AE4: =IF(OR(tblEnrollment[[#This Row],[Clearinghouse Portal Updated]]="No",tblEnrollment[[#This Row],[Blocker Reason]] ="Clearinghouse portal not updated"),"Yes","No") -> Yes | AF4: =IF(OR(tblEnrollment[[#This Row],[Blocker Reason]] ="Medicaid additional enrollment missing",tblEnrollment[Blocker Reason]="Medicaid requires additional enrollment after credentialing.",tblEnrollment[[#This Row],[Blocker Reason]] ="Incorrect PTAN/Provider number",tblEnrollment[[#This Row],[Blocker Reason]] ="Medicare additional enrollment missing"),"Yes","No") -> No | AG4: =IF(OR(tblEnrollment[[#This Row],[Enrollment Type]]="Claims",tblEnrollment[[#This Row],[Enrollment Type]]="Claims and ERA"),IF(AND(tblEnrollment[[#This Row],[Credentialing Status]]="Completed",tblEnrollment[[#This Row],[Claims Enrollment Status]]="Approved",tblEnrollment[[#This Row],[Clearinghouse Configuration Status]]="Completed",AB4="NPI Match"),"Ready","Not Ready"),"Not Applicable") -> Not Applicable | AH4: =IF(OR(tblEnrollment[[#This Row],[Enrollment Type]]="ERA",tblEnrollment[[#This Row],[Enrollment Type]]="Claims and ERA"),IF(AND(tblEnrollment[[#This Row],[Credentialing Status]]="Completed",tblEnrollment[[#This Row],[ERA Enrollment Status]]="Approved",tblEnrollment[[#This Row],[Clearinghouse Configuration Status]]="Completed",AB4="NPI Match"),"Ready","Not Ready"),"Not Applicable") -> Not Ready | AI4: =IF(tblEnrollment[[#This Row],[Blocker Reason]] ="No Blocker","No","Yes") -> Yes | AK4: Blank Payer Names | AL4: =COUNTBLANK(tblEnrollment[Payer Name]) -> 0
A5: ENR-0004 | B5: Maple Leaf Urgent Care | C5: Dr. Emily Gray | D5: IND-NPI-1004 | E5: GRP-NPI-9023 | F5: GRP-NPI-9023 | G5: GRP-NPI-9023 | H5: SYN-TIN-011 | I5: United Healthcare | J5: UHC001 | K5: Commercial | L5: NA | M5: ERA | N5: Completed | O5: Not Required | P5: Approved | Q5: Yes | R5: Completed | S5: 46154 | T5: 46169 | U5: Ready | V5: No blocker | W5: rc48215 | X5: 46177 | Y5: Record is ready for expected transaction flow. | Z5: =IF(tblEnrollment[[#This Row],[Approved Date]]="",DATE(2026,6,3)-tblEnrollment[[#This Row],[Submitted Date]],tblEnrollment[[#This Row],[Approved Date]]-tblEnrollment[[#This Row],[Submitted Date]]) -> 15 | AA5: =IF(tblEnrollment[[#This Row],[Current Status]] ="Ready","Completed",IF(Z5>21,"SLA Breached","Within SLA")) -> Completed | AB5: =IF(tblEnrollment[[#This Row],[Credentialed NPI]] =tblEnrollment[[#This Row],[Enrolled NPI]],"NPI Match","NPI Mismatch") -> NPI Match | AC5: =IF(OR(tblEnrollment[[#This Row],[Blocker Reason]] ="Individual NPI used instead of Group NPI",tblEnrollment[[#This Row],[Blocker Reason]] ="Credentialed NPI mismatch",tblEnrollment[[#This Row],[Blocker Reason]] ="Incorrect PTAN/Provider number"),"Yes","No") -> No | AD5: =IF(OR(tblEnrollment[[#This Row],[Blocker Reason]] ="Wrong Payer ID",tblEnrollment[[#This Row],[Blocker Reason]] ="Old Payer ID used"),"Yes","No") -> No | AE5: =IF(OR(tblEnrollment[[#This Row],[Clearinghouse Portal Updated]]="No",tblEnrollment[[#This Row],[Blocker Reason]] ="Clearinghouse portal not updated"),"Yes","No") -> No | AF5: =IF(OR(tblEnrollment[[#This Row],[Blocker Reason]] ="Medicaid additional enrollment missing",tblEnrollment[Blocker Reason]="Medicaid requires additional enrollment after credentialing.",tblEnrollment[[#This Row],[Blocker Reason]] ="Incorrect PTAN/Provider number",tblEnrollment[[#This Row],[Blocker Reason]] ="Medicare additional enrollment missing"),"Yes","No") -> No | AG5: =IF(OR(tblEnrollment[[#This Row],[Enrollment Type]]="Claims",tblEnrollment[[#This Row],[Enrollment Type]]="Claims and ERA"),IF(AND(tblEnrollment[[#This Row],[Credentialing Status]]="Completed",tblEnrollment[[#This Row],[Claims Enrollment Status]]="Approved",tblEnrollment[[#This Row],[Clearinghouse Configuration Status]]="Completed",AB5="NPI Match"),"Ready","Not Ready"),"Not Applicable") -> Not Applicable | AH5: =IF(OR(tblEnrollment[[#This Row],[Enrollment Type]]="ERA",tblEnrollment[[#This Row],[Enrollment Type]]="Claims and ERA"),IF(AND(tblEnrollment[[#This Row],[Credentialing Status]]="Completed",tblEnrollment[[#This Row],[ERA Enrollment Status]]="Approved",tblEnrollment[[#This Row],[Clearinghouse Configuration Status]]="Completed",AB5="NPI Match"),"Ready","Not Ready"),"Not Applicable") -> Ready | AI5: =IF(tblEnrollment[[#This Row],[Blocker Reason]] ="No Blocker","No","Yes") -> No | AK5: Blank Practice Name | AL5: =COUNTBLANK(tblEnrollment[[#Headers],[#Data],[Provider Name]]) -> 0
A6: ENR-0005 | B6: Sunrise Family Medicine | C6: Dr. Grace Das | D6: IND-NPI-1005 | E6: GRP-NPI-9041 | F6: GRP-NPI-9041 | G6: GRP-NPI-9041 | H6: SYN-TIN-006 | I6: United Healthcare | J6: UHC001 | K6: Commercial | L6: NA | M6: Claims and ERA | N6: Completed | O6: Approved | P6: Pending | Q6: No | R6: Pending | S6: 46086 | U6: Pending | V6: Clearinghouse portal not updated | W6: nt92346 | X6: 46187 | Y6: Clearinghouse route or portal setup needs update before go-live. | Z6: =IF(tblEnrollment[[#This Row],[Approved Date]]="",DATE(2026,6,3)-tblEnrollment[[#This Row],[Submitted Date]],tblEnrollment[[#This Row],[Approved Date]]-tblEnrollment[[#This Row],[Submitted Date]]) -> 90 | AA6: =IF(tblEnrollment[[#This Row],[Current Status]] ="Ready","Completed",IF(Z6>21,"SLA Breached","Within SLA")) -> SLA Breached | AB6: =IF(tblEnrollment[[#This Row],[Credentialed NPI]] =tblEnrollment[[#This Row],[Enrolled NPI]],"NPI Match","NPI Mismatch") -> NPI Match | AC6: =IF(OR(tblEnrollment[[#This Row],[Blocker Reason]] ="Individual NPI used instead of Group NPI",tblEnrollment[[#This Row],[Blocker Reason]] ="Credentialed NPI mismatch",tblEnrollment[[#This Row],[Blocker Reason]] ="Incorrect PTAN/Provider number"),"Yes","No") -> No | AD6: =IF(OR(tblEnrollment[[#This Row],[Blocker Reason]] ="Wrong Payer ID",tblEnrollment[[#This Row],[Blocker Reason]] ="Old Payer ID used"),"Yes","No") -> No | AE6: =IF(OR(tblEnrollment[[#This Row],[Clearinghouse Portal Updated]]="No",tblEnrollment[[#This Row],[Blocker Reason]] ="Clearinghouse portal not updated"),"Yes","No") -> Yes | AF6: =IF(OR(tblEnrollment[[#This Row],[Blocker Reason]] ="Medicaid additional enrollment missing",tblEnrollment[Blocker Reason]="Medicaid requires additional enrollment after credentialing.",tblEnrollment[[#This Row],[Blocker Reason]] ="Incorrect PTAN/Provider number",tblEnrollment[[#This Row],[Blocker Reason]] ="Medicare additional enrollment missing"),"Yes","No") -> No | AG6: =IF(OR(tblEnrollment[[#This Row],[Enrollment Type]]="Claims",tblEnrollment[[#This Row],[Enrollment Type]]="Claims and ERA"),IF(AND(tblEnrollment[[#This Row],[Credentialing Status]]="Completed",tblEnrollment[[#This Row],[Claims Enrollment Status]]="Approved",tblEnrollment[[#This Row],[Clearinghouse Configuration Status]]="Completed",AB6="NPI Match"),"Ready","Not Ready"),"Not Applicable") -> Not Ready | AH6: =IF(OR(tblEnrollment[[#This Row],[Enrollment Type]]="ERA",tblEnrollment[[#This Row],[Enrollment Type]]="Claims and ERA"),IF(AND(tblEnrollment[[#This Row],[Credentialing Status]]="Completed",tblEnrollment[[#This Row],[ERA Enrollment Status]]="Approved",tblEnrollment[[#This Row],[Clearinghouse Configuration Status]]="Completed",AB6="NPI Match"),"Ready","Not Ready"),"Not Applicable") -> Not Ready | AI6: =IF(tblEnrollment[[#This Row],[Blocker Reason]] ="No Blocker","No","Yes") -> Yes | AK6: Blank Submitted Dates | AL6: =COUNTBLANK(tblEnrollment[Submitted Date]) -> 0
A7: ENR-0006 | B7: Coral Springs Primary Care | C7: Dr. Lily Singh | D7: IND-NPI-1006 | E7: GRP-NPI-9019 | F7: GRP-NPI-9019 | G7: GRP-NPI-9019 | H7: SYN-TIN-047 | I7: Medicare | J7: MED001 | K7: Government | L7: PTAN-0006 | M7: Claims and ERA | N7: Completed | O7: Pending | P7: Pending | Q7: Yes | R7: In Progress | S7: 46134 | U7: Pending | V7: Missing payer approval | W7: rc48215 | X7: 46180 | Y7: Waiting on payer approval or payer response. | Z7: =IF(tblEnrollment[[#This Row],[Approved Date]]="",DATE(2026,6,3)-tblEnrollment[[#This Row],[Submitted Date]],tblEnrollment[[#This Row],[Approved Date]]-tblEnrollment[[#This Row],[Submitted Date]]) -> 42 | AA7: =IF(tblEnrollment[[#This Row],[Current Status]] ="Ready","Completed",IF(Z7>21,"SLA Breached","Within SLA")) -> SLA Breached | AB7: =IF(tblEnrollment[[#This Row],[Credentialed NPI]] =tblEnrollment[[#This Row],[Enrolled NPI]],"NPI Match","NPI Mismatch") -> NPI Match | AC7: =IF(OR(tblEnrollment[[#This Row],[Blocker Reason]] ="Individual NPI used instead of Group NPI",tblEnrollment[[#This Row],[Blocker Reason]] ="Credentialed NPI mismatch",tblEnrollment[[#This Row],[Blocker Reason]] ="Incorrect PTAN/Provider number"),"Yes","No") -> No | AD7: =IF(OR(tblEnrollment[[#This Row],[Blocker Reason]] ="Wrong Payer ID",tblEnrollment[[#This Row],[Blocker Reason]] ="Old Payer ID used"),"Yes","No") -> No | AE7: =IF(OR(tblEnrollment[[#This Row],[Clearinghouse Portal Updated]]="No",tblEnrollment[[#This Row],[Blocker Reason]] ="Clearinghouse portal not updated"),"Yes","No") -> No | AF7: =IF(OR(tblEnrollment[[#This Row],[Blocker Reason]] ="Medicaid additional enrollment missing",tblEnrollment[Blocker Reason]="Medicaid requires additional enrollment after credentialing.",tblEnrollment[[#This Row],[Blocker Reason]] ="Incorrect PTAN/Provider number",tblEnrollment[[#This Row],[Blocker Reason]] ="Medicare additional enrollment missing"),"Yes","No") -> No | AG7: =IF(OR(tblEnrollment[[#This Row],[Enrollment Type]]="Claims",tblEnrollment[[#This Row],[Enrollment Type]]="Claims and ERA"),IF(AND(tblEnrollment[[#This Row],[Credentialing Status]]="Completed",tblEnrollment[[#This Row],[Claims Enrollment Status]]="Approved",tblEnrollment[[#This Row],[Clearinghouse Configuration Status]]="Completed",AB7="NPI Match"),"Ready","Not Ready"),"Not Applicable") -> Not Ready | AH7: =IF(OR(tblEnrollment[[#This Row],[Enrollment Type]]="ERA",tblEnrollment[[#This Row],[Enrollment Type]]="Claims and ERA"),IF(AND(tblEnrollment[[#This Row],[Credentialing Status]]="Completed",tblEnrollment[[#This Row],[ERA Enrollment Status]]="Approved",tblEnrollment[[#This Row],[Clearinghouse Configuration Status]]="Completed",AB7="NPI Match"),"Ready","Not Ready"),"Not Applicable") -> Not Ready | AI7: =IF(tblEnrollment[[#This Row],[Blocker Reason]] ="No Blocker","No","Yes") -> Yes | AK7: Invalid Current Status | AL7: =COUNTBLANK(tblEnrollment[Current Status]) -> 0
A8: ENR-0007 | B8: BrightCare Cardiology | C8: Dr. Elena Gray | D8: IND-NPI-1007 | E8: GRP-NPI-9014 | F8: GRP-NPI-9014 | G8: GRP-NPI-9014 | H8: SYN-TIN-032 | I8: Cigna | J8: CIG001 | K8: Commercial | L8: NA | M8: ERA | N8: Completed | O8: Not Required | P8: Pending | Q8: Yes | R8: In Progress | S8: 46055 | U8: Pending | V8: ERA setup not completed | W8: nt00234 | X8: 46185 | Y8: ERA enrollment or routing is not fully completed. | Z8: =IF(tblEnrollment[[#This Row],[Approved Date]]="",DATE(2026,6,3)-tblEnrollment[[#This Row],[Submitted Date]],tblEnrollment[[#This Row],[Approved Date]]-tblEnrollment[[#This Row],[Submitted Date]]) -> 121 | AA8: =IF(tblEnrollment[[#This Row],[Current Status]] ="Ready","Completed",IF(Z8>21,"SLA Breached","Within SLA")) -> SLA Breached | AB8: =IF(tblEnrollment[[#This Row],[Credentialed NPI]] =tblEnrollment[[#This Row],[Enrolled NPI]],"NPI Match","NPI Mismatch") -> NPI Match | AC8: =IF(OR(tblEnrollment[[#This Row],[Blocker Reason]] ="Individual NPI used instead of Group NPI",tblEnrollment[[#This Row],[Blocker Reason]] ="Credentialed NPI mismatch",tblEnrollment[[#This Row],[Blocker Reason]] ="Incorrect PTAN/Provider number"),"Yes","No") -> No | AD8: =IF(OR(tblEnrollment[[#This Row],[Blocker Reason]] ="Wrong Payer ID",tblEnrollment[[#This Row],[Blocker Reason]] ="Old Payer ID used"),"Yes","No") -> No | AE8: =IF(OR(tblEnrollment[[#This Row],[Clearinghouse Portal Updated]]="No",tblEnrollment[[#This Row],[Blocker Reason]] ="Clearinghouse portal not updated"),"Yes","No") -> No | AF8: =IF(OR(tblEnrollment[[#This Row],[Blocker Reason]] ="Medicaid additional enrollment missing",tblEnrollment[Blocker Reason]="Medicaid requires additional enrollment after credentialing.",tblEnrollment[[#This Row],[Blocker Reason]] ="Incorrect PTAN/Provider number",tblEnrollment[[#This Row],[Blocker Reason]] ="Medicare additional enrollment missing"),"Yes","No") -> No | AG8: =IF(OR(tblEnrollment[[#This Row],[Enrollment Type]]="Claims",tblEnrollment[[#This Row],[Enrollment Type]]="Claims and ERA"),IF(AND(tblEnrollment[[#This Row],[Credentialing Status]]="Completed",tblEnrollment[[#This Row],[Claims Enrollment Status]]="Approved",tblEnrollment[[#This Row],[Clearinghouse Configuration Status]]="Completed",AB8="NPI Match"),"Ready","Not Ready"),"Not Applicable") -> Not Applicable | AH8: =IF(OR(tblEnrollment[[#This Row],[Enrollment Type]]="ERA",tblEnrollment[[#This Row],[Enrollment Type]]="Claims and ERA"),IF(AND(tblEnrollment[[#This Row],[Credentialing Status]]="Completed",tblEnrollment[[#This Row],[ERA Enrollment Status]]="Approved",tblEnrollment[[#This Row],[Clearinghouse Configuration Status]]="Completed",AB8="NPI Match"),"Ready","Not Ready"),"Not Applicable") -> Not Ready | AI8: =IF(tblEnrollment[[#This Row],[Blocker Reason]] ="No Blocker","No","Yes") -> Yes | AK8: Npi Mismatch Record | AL8: =COUNTIF(tblEnrollment[NPI Match Status],"NPI Mismatch") -> 59
A9: ENR-0008 | B9: BrightCare Cardiology | C9: Dr. Aria Kapoor | D9: IND-NPI-1008 | E9: GRP-NPI-9018 | F9: GRP-NPI-9018 | G9: GRP-NPI-9018 | H9: SYN-TIN-005 | I9: Cigna | J9: CIG001 | K9: Commercial | L9: NA | M9: Claims and ERA | N9: Completed | O9: Approved | P9: Approved | Q9: Yes | R9: Completed | S9: 46120 | T9: 46140 | U9: Ready | V9: No blocker | W9: nt00234 | X9: 46176 | Y9: Record is ready for expected transaction flow. | Z9: =IF(tblEnrollment[[#This Row],[Approved Date]]="",DATE(2026,6,3)-tblEnrollment[[#This Row],[Submitted Date]],tblEnrollment[[#This Row],[Approved Date]]-tblEnrollment[[#This Row],[Submitted Date]]) -> 20 | AA9: =IF(tblEnrollment[[#This Row],[Current Status]] ="Ready","Completed",IF(Z9>21,"SLA Breached","Within SLA")) -> Completed | AB9: =IF(tblEnrollment[[#This Row],[Credentialed NPI]] =tblEnrollment[[#This Row],[Enrolled NPI]],"NPI Match","NPI Mismatch") -> NPI Match | AC9: =IF(OR(tblEnrollment[[#This Row],[Blocker Reason]] ="Individual NPI used instead of Group NPI",tblEnrollment[[#This Row],[Blocker Reason]] ="Credentialed NPI mismatch",tblEnrollment[[#This Row],[Blocker Reason]] ="Incorrect PTAN/Provider number"),"Yes","No") -> No | AD9: =IF(OR(tblEnrollment[[#This Row],[Blocker Reason]] ="Wrong Payer ID",tblEnrollment[[#This Row],[Blocker Reason]] ="Old Payer ID used"),"Yes","No") -> No | AE9: =IF(OR(tblEnrollment[[#This Row],[Clearinghouse Portal Updated]]="No",tblEnrollment[[#This Row],[Blocker Reason]] ="Clearinghouse portal not updated"),"Yes","No") -> No | AF9: =IF(OR(tblEnrollment[[#This Row],[Blocker Reason]] ="Medicaid additional enrollment missing",tblEnrollment[Blocker Reason]="Medicaid requires additional enrollment after credentialing.",tblEnrollment[[#This Row],[Blocker Reason]] ="Incorrect PTAN/Provider number",tblEnrollment[[#This Row],[Blocker Reason]] ="Medicare additional enrollment missing"),"Yes","No") -> No | AG9: =IF(OR(tblEnrollment[[#This Row],[Enrollment Type]]="Claims",tblEnrollment[[#This Row],[Enrollment Type]]="Claims and ERA"),IF(AND(tblEnrollment[[#This Row],[Credentialing Status]]="Completed",tblEnrollment[[#This Row],[Claims Enrollment Status]]="Approved",tblEnrollment[[#This Row],[Clearinghouse Configuration Status]]="Completed",AB9="NPI Match"),"Ready","Not Ready"),"Not Applicable") -> Ready | AH9: =IF(OR(tblEnrollment[[#This Row],[Enrollment Type]]="ERA",tblEnrollment[[#This Row],[Enrollment Type]]="Claims and ERA"),IF(AND(tblEnrollment[[#This Row],[Credentialing Status]]="Completed",tblEnrollment[[#This Row],[ERA Enrollment Status]]="Approved",tblEnrollment[[#This Row],[Clearinghouse Configuration Status]]="Completed",AB9="NPI Match"),"Ready","Not Ready"),"Not Applicable") -> Ready | AI9: =IF(tblEnrollment[[#This Row],[Blocker Reason]] ="No Blocker","No","Yes") -> No | AK9: SLA Breach count | AL9: =COUNTIF(tblEnrollment[SLA Status],"=SLA Breached") -> 158
A10: ENR-0009 | B10: Liberty Primary Care | C10: Dr. Kevin Kapoor | D10: IND-NPI-1009 | E10: GRP-NPI-9018 | F10: GRP-NPI-9018 | G10: GRP-NPI-9018 | H10: SYN-TIN-051 | I10: Medicare | J10: MED001 | K10: Government | L10: PTAN-0009 | M10: Claims | N10: Completed | O10: Rejected | P10: Not Required | Q10: Yes | R10: In Progress | S10: 46117 | U10: Pending | V10: Medicare additional enrollment missing | W10: rc48215 | X10: 46179 | Y10: Medicare requires additional enrollment after credentialing. | Z10: =IF(tblEnrollment[[#This Row],[Approved Date]]="",DATE(2026,6,3)-tblEnrollment[[#This Row],[Submitted Date]],tblEnrollment[[#This Row],[Approved Date]]-tblEnrollment[[#This Row],[Submitted Date]]) -> 59 | AA10: =IF(tblEnrollment[[#This Row],[Current Status]] ="Ready","Completed",IF(Z10>21,"SLA Breached","Within SLA")) -> SLA Breached | AB10: =IF(tblEnrollment[[#This Row],[Credentialed NPI]] =tblEnrollment[[#This Row],[Enrolled NPI]],"NPI Match","NPI Mismatch") -> NPI Match | AC10: =IF(OR(tblEnrollment[[#This Row],[Blocker Reason]] ="Individual NPI used instead of Group NPI",tblEnrollment[[#This Row],[Blocker Reason]] ="Credentialed NPI mismatch",tblEnrollment[[#This Row],[Blocker Reason]] ="Incorrect PTAN/Provider number"),"Yes","No") -> No | AD10: =IF(OR(tblEnrollment[[#This Row],[Blocker Reason]] ="Wrong Payer ID",tblEnrollment[[#This Row],[Blocker Reason]] ="Old Payer ID used"),"Yes","No") -> No | AE10: =IF(OR(tblEnrollment[[#This Row],[Clearinghouse Portal Updated]]="No",tblEnrollment[[#This Row],[Blocker Reason]] ="Clearinghouse portal not updated"),"Yes","No") -> No | AF10: =IF(OR(tblEnrollment[[#This Row],[Blocker Reason]] ="Medicaid additional enrollment missing",tblEnrollment[Blocker Reason]="Medicaid requires additional enrollment after credentialing.",tblEnrollment[[#This Row],[Blocker Reason]] ="Incorrect PTAN/Provider number",tblEnrollment[[#This Row],[Blocker Reason]] ="Medicare additional enrollment missing"),"Yes","No") -> Yes | AG10: =IF(OR(tblEnrollment[[#This Row],[Enrollment Type]]="Claims",tblEnrollment[[#This Row],[Enrollment Type]]="Claims and ERA"),IF(AND(tblEnrollment[[#This Row],[Credentialing Status]]="Completed",tblEnrollment[[#This Row],[Claims Enrollment Status]]="Approved",tblEnrollment[[#This Row],[Clearinghouse Configuration Status]]="Completed",AB10="NPI Match"),"Ready","Not Ready"),"Not Applicable") -> Not Ready | AH10: =IF(OR(tblEnrollment[[#This Row],[Enrollment Type]]="ERA",tblEnrollment[[#This Row],[Enrollment Type]]="Claims and ERA"),IF(AND(tblEnrollment[[#This Row],[Credentialing Status]]="Completed",tblEnrollment[[#This Row],[ERA Enrollment Status]]="Approved",tblEnrollment[[#This Row],[Clearinghouse Configuration Status]]="Completed",AB10="NPI Match"),"Ready","Not Ready"),"Not Applicable") -> Not Applicable | AI10: =IF(tblEnrollment[[#This Row],[Blocker Reason]] ="No Blocker","No","Yes") -> Yes | AK10: claims ready count | AL10: =COUNTIF(tblEnrollment[Claims Ready Flag],"=Ready") -> 48
A11: ENR-0010 | B11: Stonebridge Family Medicine | C11: Dr. Aria Wilson | D11: IND-NPI-1010 | E11: GRP-NPI-9017 | F11: GRP-NPI-9017 | G11: GRP-NPI-9017 | H11: SYN-TIN-047 | I11: Medicaid | J11: MCD002 | K11: Government | L11: PTAN-WRONG | M11: Claims | N11: Completed | O11: Rejected | P11: Not Required | Q11: Yes | R11: Issue Found | S11: 46146 | U11: Blocked | V11: Incorrect PTAN/provider number | W11: rc48215 | X11: 46185 | Y11: PTAN or government payer provider number needs correction. | Z11: =IF(tblEnrollment[[#This Row],[Approved Date]]="",DATE(2026,6,3)-tblEnrollment[[#This Row],[Submitted Date]],tblEnrollment[[#This Row],[Approved Date]]-tblEnrollment[[#This Row],[Submitted Date]]) -> 30 | AA11: =IF(tblEnrollment[[#This Row],[Current Status]] ="Ready","Completed",IF(Z11>21,"SLA Breached","Within SLA")) -> SLA Breached | AB11: =IF(tblEnrollment[[#This Row],[Credentialed NPI]] =tblEnrollment[[#This Row],[Enrolled NPI]],"NPI Match","NPI Mismatch") -> NPI Match | AC11: =IF(OR(tblEnrollment[[#This Row],[Blocker Reason]] ="Individual NPI used instead of Group NPI",tblEnrollment[[#This Row],[Blocker Reason]] ="Credentialed NPI mismatch",tblEnrollment[[#This Row],[Blocker Reason]] ="Incorrect PTAN/Provider number"),"Yes","No") -> Yes | AD11: =IF(OR(tblEnrollment[[#This Row],[Blocker Reason]] ="Wrong Payer ID",tblEnrollment[[#This Row],[Blocker Reason]] ="Old Payer ID used"),"Yes","No") -> No | AE11: =IF(OR(tblEnrollment[[#This Row],[Clearinghouse Portal Updated]]="No",tblEnrollment[[#This Row],[Blocker Reason]] ="Clearinghouse portal not updated"),"Yes","No") -> No | AF11: =IF(OR(tblEnrollment[[#This Row],[Blocker Reason]] ="Medicaid additional enrollment missing",tblEnrollment[Blocker Reason]="Medicaid requires additional enrollment after credentialing.",tblEnrollment[[#This Row],[Blocker Reason]] ="Incorrect PTAN/Provider number",tblEnrollment[[#This Row],[Blocker Reason]] ="Medicare additional enrollment missing"),"Yes","No") -> Yes | AG11: =IF(OR(tblEnrollment[[#This Row],[Enrollment Type]]="Claims",tblEnrollment[[#This Row],[Enrollment Type]]="Claims and ERA"),IF(AND(tblEnrollment[[#This Row],[Credentialing Status]]="Completed",tblEnrollment[[#This Row],[Claims Enrollment Status]]="Approved",tblEnrollment[[#This Row],[Clearinghouse Configuration Status]]="Completed",AB11="NPI Match"),"Ready","Not Ready"),"Not Applicable") -> Not Ready | AH11: =IF(OR(tblEnrollment[[#This Row],[Enrollment Type]]="ERA",tblEnrollment[[#This Row],[Enrollment Type]]="Claims and ERA"),IF(AND(tblEnrollment[[#This Row],[Credentialing Status]]="Completed",tblEnrollment[[#This Row],[ERA Enrollment Status]]="Approved",tblEnrollment[[#This Row],[Clearinghouse Configuration Status]]="Completed",AB11="NPI Match"),"Ready","Not Ready"),"Not Applicable") -> Not Applicable | AI11: =IF(tblEnrollment[[#This Row],[Blocker Reason]] ="No Blocker","No","Yes") -> Yes | AK11: ERA ready count | AL11: =COUNTIF(tblEnrollment[ERA Ready Flag],"=Ready") -> 38
A12: ENR-0011 | B12: Oak Street Primary Care | C12: Dr. Sara Scott | D12: IND-NPI-1011 | E12: GRP-NPI-9032 | F12: GRP-NPI-9032 | G12: GRP-NPI-9032 | H12: SYN-TIN-055 | I12: Medicare | J12: MED001 | K12: Government | L12: PTAN-0011 | M12: Claims and ERA | N12: Completed | O12: Pending | P12: Pending | Q12: Yes | R12: In Progress | S12: 46076 | U12: Pending | V12: Missing payer approval | W12: nt00234 | X12: 46186 | Y12: Waiting on payer approval or payer response. | Z12: =IF(tblEnrollment[[#This Row],[Approved Date]]="",DATE(2026,6,3)-tblEnrollment[[#This Row],[Submitted Date]],tblEnrollment[[#This Row],[Approved Date]]-tblEnrollment[[#This Row],[Submitted Date]]) -> 100 | AA12: =IF(tblEnrollment[[#This Row],[Current Status]] ="Ready","Completed",IF(Z12>21,"SLA Breached","Within SLA")) -> SLA Breached | AB12: =IF(tblEnrollment[[#This Row],[Credentialed NPI]] =tblEnrollment[[#This Row],[Enrolled NPI]],"NPI Match","NPI Mismatch") -> NPI Match | AC12: =IF(OR(tblEnrollment[[#This Row],[Blocker Reason]] ="Individual NPI used instead of Group NPI",tblEnrollment[[#This Row],[Blocker Reason]] ="Credentialed NPI mismatch",tblEnrollment[[#This Row],[Blocker Reason]] ="Incorrect PTAN/Provider number"),"Yes","No") -> No | AD12: =IF(OR(tblEnrollment[[#This Row],[Blocker Reason]] ="Wrong Payer ID",tblEnrollment[[#This Row],[Blocker Reason]] ="Old Payer ID used"),"Yes","No") -> No | AE12: =IF(OR(tblEnrollment[[#This Row],[Clearinghouse Portal Updated]]="No",tblEnrollment[[#This Row],[Blocker Reason]] ="Clearinghouse portal not updated"),"Yes","No") -> No | AF12: =IF(OR(tblEnrollment[[#This Row],[Blocker Reason]] ="Medicaid additional enrollment missing",tblEnrollment[Blocker Reason]="Medicaid requires additional enrollment after credentialing.",tblEnrollment[[#This Row],[Blocker Reason]] ="Incorrect PTAN/Provider number",tblEnrollment[[#This Row],[Blocker Reason]] ="Medicare additional enrollment missing"),"Yes","No") -> No | AG12: =IF(OR(tblEnrollment[[#This Row],[Enrollment Type]]="Claims",tblEnrollment[[#This Row],[Enrollment Type]]="Claims and ERA"),IF(AND(tblEnrollment[[#This Row],[Credentialing Status]]="Completed",tblEnrollment[[#This Row],[Claims Enrollment Status]]="Approved",tblEnrollment[[#This Row],[Clearinghouse Configuration Status]]="Completed",AB12="NPI Match"),"Ready","Not Ready"),"Not Applicable") -> Not Ready | AH12: =IF(OR(tblEnrollment[[#This Row],[Enrollment Type]]="ERA",tblEnrollment[[#This Row],[Enrollment Type]]="Claims and ERA"),IF(AND(tblEnrollment[[#This Row],[Credentialing Status]]="Completed",tblEnrollment[[#This Row],[ERA Enrollment Status]]="Approved",tblEnrollment[[#This Row],[Clearinghouse Configuration Status]]="Completed",AB12="NPI Match"),"Ready","Not Ready"),"Not Applicable") -> Not Ready | AI12: =IF(tblEnrollment[[#This Row],[Blocker Reason]] ="No Blocker","No","Yes") -> Yes
A13: ENR-0012 | B13: Parkside Oncology | C13: Dr. Mark Kapoor | D13: IND-NPI-1012 | E13: GRP-NPI-9025 | F13: GRP-NPI-9025 | G13: GRP-NPI-9136 | H13: SYN-TIN-035 | I13: United Healthcare | J13: UHC001 | K13: Commercial | L13: NA | M13: Claims and ERA | N13: Completed | O13: Rejected | P13: Rejected | Q13: Yes | R13: Issue Found | S13: 46039 | U13: Blocked | V13: Credentialed NPI mismatch | W13: nt92346 | X13: 46186 | Y13: Enrolled NPI does not match the payer-credentialed NPI. | Z13: =IF(tblEnrollment[[#This Row],[Approved Date]]="",DATE(2026,6,3)-tblEnrollment[[#This Row],[Submitted Date]],tblEnrollment[[#This Row],[Approved Date]]-tblEnrollment[[#This Row],[Submitted Date]]) -> 137 | AA13: =IF(tblEnrollment[[#This Row],[Current Status]] ="Ready","Completed",IF(Z13>21,"SLA Breached","Within SLA")) -> SLA Breached | AB13: =IF(tblEnrollment[[#This Row],[Credentialed NPI]] =tblEnrollment[[#This Row],[Enrolled NPI]],"NPI Match","NPI Mismatch") -> NPI Mismatch | AC13: =IF(OR(tblEnrollment[[#This Row],[Blocker Reason]] ="Individual NPI used instead of Group NPI",tblEnrollment[[#This Row],[Blocker Reason]] ="Credentialed NPI mismatch",tblEnrollment[[#This Row],[Blocker Reason]] ="Incorrect PTAN/Provider number"),"Yes","No") -> Yes | AD13: =IF(OR(tblEnrollment[[#This Row],[Blocker Reason]] ="Wrong Payer ID",tblEnrollment[[#This Row],[Blocker Reason]] ="Old Payer ID used"),"Yes","No") -> No | AE13: =IF(OR(tblEnrollment[[#This Row],[Clearinghouse Portal Updated]]="No",tblEnrollment[[#This Row],[Blocker Reason]] ="Clearinghouse portal not updated"),"Yes","No") -> No | AF13: =IF(OR(tblEnrollment[[#This Row],[Blocker Reason]] ="Medicaid additional enrollment missing",tblEnrollment[Blocker Reason]="Medicaid requires additional enrollment after credentialing.",tblEnrollment[[#This Row],[Blocker Reason]] ="Incorrect PTAN/Provider number",tblEnrollment[[#This Row],[Blocker Reason]] ="Medicare additional enrollment missing"),"Yes","No") -> No | AG13: =IF(OR(tblEnrollment[[#This Row],[Enrollment Type]]="Claims",tblEnrollment[[#This Row],[Enrollment Type]]="Claims and ERA"),IF(AND(tblEnrollment[[#This Row],[Credentialing Status]]="Completed",tblEnrollment[[#This Row],[Claims Enrollment Status]]="Approved",tblEnrollment[[#This Row],[Clearinghouse Configuration Status]]="Completed",AB13="NPI Match"),"Ready","Not Ready"),"Not Applicable") -> Not Ready | AH13: =IF(OR(tblEnrollment[[#This Row],[Enrollment Type]]="ERA",tblEnrollment[[#This Row],[Enrollment Type]]="Claims and ERA"),IF(AND(tblEnrollment[[#This Row],[Credentialing Status]]="Completed",tblEnrollment[[#This Row],[ERA Enrollment Status]]="Approved",tblEnrollment[[#This Row],[Clearinghouse Configuration Status]]="Completed",AB13="NPI Match"),"Ready","Not Ready"),"Not Applicable") -> Not Ready | AI13: =IF(tblEnrollment[[#This Row],[Blocker Reason]] ="No Blocker","No","Yes") -> Yes
A14: ENR-0013 | B14: Clearwater Pulmonary | C14: Dr. Meera Shah | D14: IND-NPI-1013 | E14: GRP-NPI-9019 | F14: GRP-NPI-9019 | G14: GRP-NPI-9019 | H14: SYN-TIN-014 | I14: Aetna | J14: AET001 | K14: Commercial | L14: NA | M14: Claims | N14: Completed | O14: Approved | P14: Not Required | Q14: Yes | R14: Completed | S14: 46104 | T14: 46119 | U14: Ready | V14: No blocker | W14: ew53009 | X14: 46178 | Y14: Record is ready for expected transaction flow. | Z14: =IF(tblEnrollment[[#This Row],[Approved Date]]="",DATE(2026,6,3)-tblEnrollment[[#This Row],[Submitted Date]],tblEnrollment[[#This Row],[Approved Date]]-tblEnrollment[[#This Row],[Submitted Date]]) -> 15 | AA14: =IF(tblEnrollment[[#This Row],[Current Status]] ="Ready","Completed",IF(Z14>21,"SLA Breached","Within SLA")) -> Completed | AB14: =IF(tblEnrollment[[#This Row],[Credentialed NPI]] =tblEnrollment[[#This Row],[Enrolled NPI]],"NPI Match","NPI Mismatch") -> NPI Match | AC14: =IF(OR(tblEnrollment[[#This Row],[Blocker Reason]] ="Individual NPI used instead of Group NPI",tblEnrollment[[#This Row],[Blocker Reason]] ="Credentialed NPI mismatch",tblEnrollment[[#This Row],[Blocker Reason]] ="Incorrect PTAN/Provider number"),"Yes","No") -> No | AD14: =IF(OR(tblEnrollment[[#This Row],[Blocker Reason]] ="Wrong Payer ID",tblEnrollment[[#This Row],[Blocker Reason]] ="Old Payer ID used"),"Yes","No") -> No | AE14: =IF(OR(tblEnrollment[[#This Row],[Clearinghouse Portal Updated]]="No",tblEnrollment[[#This Row],[Blocker Reason]] ="Clearinghouse portal not updated"),"Yes","No") -> No | AF14: =IF(OR(tblEnrollment[[#This Row],[Blocker Reason]] ="Medicaid additional enrollment missing",tblEnrollment[Blocker Reason]="Medicaid requires additional enrollment after credentialing.",tblEnrollment[[#This Row],[Blocker Reason]] ="Incorrect PTAN/Provider number",tblEnrollment[[#This Row],[Blocker Reason]] ="Medicare additional enrollment missing"),"Yes","No") -> No | AG14: =IF(OR(tblEnrollment[[#This Row],[Enrollment Type]]="Claims",tblEnrollment[[#This Row],[Enrollment Type]]="Claims and ERA"),IF(AND(tblEnrollment[[#This Row],[Credentialing Status]]="Completed",tblEnrollment[[#This Row],[Claims Enrollment Status]]="Approved",tblEnrollment[[#This Row],[Clearinghouse Configuration Status]]="Completed",AB14="NPI Match"),"Ready","Not Ready"),"Not Applicable") -> Ready | AH14: =IF(OR(tblEnrollment[[#This Row],[Enrollment Type]]="ERA",tblEnrollment[[#This Row],[Enrollment Type]]="Claims and ERA"),IF(AND(tblEnrollment[[#This Row],[Credentialing Status]]="Completed",tblEnrollment[[#This Row],[ERA Enrollment Status]]="Approved",tblEnrollment[[#This Row],[Clearinghouse Configuration Status]]="Completed",AB14="NPI Match"),"Ready","Not Ready"),"Not Applicable") -> Not Applicable | AI14: =IF(tblEnrollment[[#This Row],[Blocker Reason]] ="No Blocker","No","Yes") -> No
A15: ENR-0014 | B15: Harborview Pediatrics | C15: Dr. Farah Das | D15: IND-NPI-1014 | E15: GRP-NPI-9041 | F15: GRP-NPI-9041 | G15: GRP-NPI-9041 | H15: SYN-TIN-042 | I15: United Healthcare | J15: UHC001 | K15: Commercial | L15: NA | M15: Claims and ERA | N15: Completed | O15: Approved | P15: Approved | Q15: Yes | R15: Completed | S15: 46078 | T15: 46093 | U15: Ready | V15: No blocker | W15: nt92346 | X15: 46184 | Y15: Record is ready for expected transaction flow. | Z15: =IF(tblEnrollment[[#This Row],[Approved Date]]="",DATE(2026,6,3)-tblEnrollment[[#This Row],[Submitted Date]],tblEnrollment[[#This Row],[Approved Date]]-tblEnrollment[[#This Row],[Submitted Date]]) -> 15 | AA15: =IF(tblEnrollment[[#This Row],[Current Status]] ="Ready","Completed",IF(Z15>21,"SLA Breached","Within SLA")) -> Completed | AB15: =IF(tblEnrollment[[#This Row],[Credentialed NPI]] =tblEnrollment[[#This Row],[Enrolled NPI]],"NPI Match","NPI Mismatch") -> NPI Match | AC15: =IF(OR(tblEnrollment[[#This Row],[Blocker Reason]] ="Individual NPI used instead of Group NPI",tblEnrollment[[#This Row],[Blocker Reason]] ="Credentialed NPI mismatch",tblEnrollment[[#This Row],[Blocker Reason]] ="Incorrect PTAN/Provider number"),"Yes","No") -> No | AD15: =IF(OR(tblEnrollment[[#This Row],[Blocker Reason]] ="Wrong Payer ID",tblEnrollment[[#This Row],[Blocker Reason]] ="Old Payer ID used"),"Yes","No") -> No | AE15: =IF(OR(tblEnrollment[[#This Row],[Clearinghouse Portal Updated]]="No",tblEnrollment[[#This Row],[Blocker Reason]] ="Clearinghouse portal not updated"),"Yes","No") -> No | AF15: =IF(OR(tblEnrollment[[#This Row],[Blocker Reason]] ="Medicaid additional enrollment missing",tblEnrollment[Blocker Reason]="Medicaid requires additional enrollment after credentialing.",tblEnrollment[[#This Row],[Blocker Reason]] ="Incorrect PTAN/Provider number",tblEnrollment[[#This Row],[Blocker Reason]] ="Medicare additional enrollment missing"),"Yes","No") -> No | AG15: =IF(OR(tblEnrollment[[#This Row],[Enrollment Type]]="Claims",tblEnrollment[[#This Row],[Enrollment Type]]="Claims and ERA"),IF(AND(tblEnrollment[[#This Row],[Credentialing Status]]="Completed",tblEnrollment[[#This Row],[Claims Enrollment Status]]="Approved",tblEnrollment[[#This Row],[Clearinghouse Configuration Status]]="Completed",AB15="NPI Match"),"Ready","Not Ready"),"Not Applicable") -> Ready | AH15: =IF(OR(tblEnrollment[[#This Row],[Enrollment Type]]="ERA",tblEnrollment[[#This Row],[Enrollment Type]]="Claims and ERA"),IF(AND(tblEnrollment[[#This Row],[Credentialing Status]]="Completed",tblEnrollment[[#This Row],[ERA Enrollment Status]]="Approved",tblEnrollment[[#This Row],[Clearinghouse Configuration Status]]="Completed",AB15="NPI Match"),"Ready","Not Ready"),"Not Applicable") -> Ready | AI15: =IF(tblEnrollment[[#This Row],[Blocker Reason]] ="No Blocker","No","Yes") -> No
A16: ENR-0015 | B16: Valley View Gastro | C16: Dr. Neha Shah | D16: IND-NPI-1015 | E16: GRP-NPI-9024 | F16: GRP-NPI-9024 | G16: GRP-NPI-9024 | H16: SYN-TIN-063 | I16: Humana | J16: HUM001 | K16: Commercial | L16: NA | M16: Claims and ERA | N16: Completed | O16: Approved | P16: Approved | Q16: Yes | R16: Completed | S16: 46098 | T16: 46114 | U16: Ready | V16: No blocker | W16: nt92346 | X16: 46177 | Y16: Record is ready for expected transaction flow. | Z16: =IF(tblEnrollment[[#This Row],[Approved Date]]="",DATE(2026,6,3)-tblEnrollment[[#This Row],[Submitted Date]],tblEnrollment[[#This Row],[Approved Date]]-tblEnrollment[[#This Row],[Submitted Date]]) -> 16 | AA16: =IF(tblEnrollment[[#This Row],[Current Status]] ="Ready","Completed",IF(Z16>21,"SLA Breached","Within SLA")) -> Completed | AB16: =IF(tblEnrollment[[#This Row],[Credentialed NPI]] =tblEnrollment[[#This Row],[Enrolled NPI]],"NPI Match","NPI Mismatch") -> NPI Match | AC16: =IF(OR(tblEnrollment[[#This Row],[Blocker Reason]] ="Individual NPI used instead of Group NPI",tblEnrollment[[#This Row],[Blocker Reason]] ="Credentialed NPI mismatch",tblEnrollment[[#This Row],[Blocker Reason]] ="Incorrect PTAN/Provider number"),"Yes","No") -> No | AD16: =IF(OR(tblEnrollment[[#This Row],[Blocker Reason]] ="Wrong Payer ID",tblEnrollment[[#This Row],[Blocker Reason]] ="Old Payer ID used"),"Yes","No") -> No | AE16: =IF(OR(tblEnrollment[[#This Row],[Clearinghouse Portal Updated]]="No",tblEnrollment[[#This Row],[Blocker Reason]] ="Clearinghouse portal not updated"),"Yes","No") -> No | AF16: =IF(OR(tblEnrollment[[#This Row],[Blocker Reason]] ="Medicaid additional enrollment missing",tblEnrollment[Blocker Reason]="Medicaid requires additional enrollment after credentialing.",tblEnrollment[[#This Row],[Blocker Reason]] ="Incorrect PTAN/Provider number",tblEnrollment[[#This Row],[Blocker Reason]] ="Medicare additional enrollment missing"),"Yes","No") -> No | AG16: =IF(OR(tblEnrollment[[#This Row],[Enrollment Type]]="Claims",tblEnrollment[[#This Row],[Enrollment Type]]="Claims and ERA"),IF(AND(tblEnrollment[[#This Row],[Credentialing Status]]="Completed",tblEnrollment[[#This Row],[Claims Enrollment Status]]="Approved",tblEnrollment[[#This Row],[Clearinghouse Configuration Status]]="Completed",AB16="NPI Match"),"Ready","Not Ready"),"Not Applicable") -> Ready | AH16: =IF(OR(tblEnrollment[[#This Row],[Enrollment Type]]="ERA",tblEnrollment[[#This Row],[Enrollment Type]]="Claims and ERA"),IF(AND(tblEnrollment[[#This Row],[Credentialing Status]]="Completed",tblEnrollment[[#This Row],[ERA Enrollment Status]]="Approved",tblEnrollment[[#This Row],[Clearinghouse Configuration Status]]="Completed",AB16="NPI Match"),"Ready","Not Ready"),"Not Applicable") -> Ready | AI16: =IF(tblEnrollment[[#This Row],[Blocker Reason]] ="No Blocker","No","Yes") -> No
A17: ENR-0016 | B17: Evergreen Urology | C17: Dr. Mark Singh | D17: IND-NPI-1016 | E17: GRP-NPI-9035 | F17: GRP-NPI-9035 | G17: GRP-NPI-9035 | H17: SYN-TIN-055 | I17: Humana | J17: HUM001 | K17: Commercial | L17: NA | M17: Claims | N17: In Progress | O17: Not Started | P17: Not Required | Q17: No | R17: Not Started | S17: 46079 | U17: Pending | V17: Credentialing not completed | W17: ew53009 | X17: 46180 | Y17: Credentialing must be completed before enrollment can proceed. | Z17: =IF(tblEnrollment[[#This Row],[Approved Date]]="",DATE(2026,6,3)-tblEnrollment[[#This Row],[Submitted Date]],tblEnrollment[[#This Row],[Approved Date]]-tblEnrollment[[#This Row],[Submitted Date]]) -> 97 | AA17: =IF(tblEnrollment[[#This Row],[Current Status]] ="Ready","Completed",IF(Z17>21,"SLA Breached","Within SLA")) -> SLA Breached | AB17: =IF(tblEnrollment[[#This Row],[Credentialed NPI]] =tblEnrollment[[#This Row],[Enrolled NPI]],"NPI Match","NPI Mismatch") -> NPI Match | AC17: =IF(OR(tblEnrollment[[#This Row],[Blocker Reason]] ="Individual NPI used instead of Group NPI",tblEnrollment[[#This Row],[Blocker Reason]] ="Credentialed NPI mismatch",tblEnrollment[[#This Row],[Blocker Reason]] ="Incorrect PTAN/Provider number"),"Yes","No") -> No | AD17: =IF(OR(tblEnrollment[[#This Row],[Blocker Reason]] ="Wrong Payer ID",tblEnrollment[[#This Row],[Blocker Reason]] ="Old Payer ID used"),"Yes","No") -> No | AE17: =IF(OR(tblEnrollment[[#This Row],[Clearinghouse Portal Updated]]="No",tblEnrollment[[#This Row],[Blocker Reason]] ="Clearinghouse portal not updated"),"Yes","No") -> Yes | AF17: =IF(OR(tblEnrollment[[#This Row],[Blocker Reason]] ="Medicaid additional enrollment missing",tblEnrollment[Blocker Reason]="Medicaid requires additional enrollment after credentialing.",tblEnrollment[[#This Row],[Blocker Reason]] ="Incorrect PTAN/Provider number",tblEnrollment[[#This Row],[Blocker Reason]] ="Medicare additional enrollment missing"),"Yes","No") -> No | AG17: =IF(OR(tblEnrollment[[#This Row],[Enrollment Type]]="Claims",tblEnrollment[[#This Row],[Enrollment Type]]="Claims and ERA"),IF(AND(tblEnrollment[[#This Row],[Credentialing Status]]="Completed",tblEnrollment[[#This Row],[Claims Enrollment Status]]="Approved",tblEnrollment[[#This Row],[Clearinghouse Configuration Status]]="Completed",AB17="NPI Match"),"Ready","Not Ready"),"Not Applicable") -> Not Ready | AH17: =IF(OR(tblEnrollment[[#This Row],[Enrollment Type]]="ERA",tblEnrollment[[#This Row],[Enrollment Type]]="Claims and ERA"),IF(AND(tblEnrollment[[#This Row],[Credentialing Status]]="Completed",tblEnrollment[[#This Row],[ERA Enrollment Status]]="Approved",tblEnrollment[[#This Row],[Clearinghouse Configuration Status]]="Completed",AB17="NPI Match"),"Ready","Not Ready"),"Not Applicable") -> Not Applicable | AI17: =IF(tblEnrollment[[#This Row],[Blocker Reason]] ="No Blocker","No","Yes") -> Yes
A18: ENR-0017 | B18: Cedar Grove Clinic | C18: Dr. Samir Singh | D18: IND-NPI-1017 | E18: GRP-NPI-9045 | F18: GRP-NPI-9045 | G18: IND-NPI-1017 | H18: SYN-TIN-058 | I18: Medicaid | J18: MCD002 | K18: Government | L18: PTAN-0017 | M18: Claims and ERA | N18: Completed | O18: Rejected | P18: Rejected | Q18: Yes | R18: Issue Found | S18: 46132 | U18: Blocked | V18: Individual NPI used instead of group NPI | W18: ew53009 | X18: 46183 | Y18: Enrollment was submitted under individual NPI instead of group billing NPI. | Z18: =IF(tblEnrollment[[#This Row],[Approved Date]]="",DATE(2026,6,3)-tblEnrollment[[#This Row],[Submitted Date]],tblEnrollment[[#This Row],[Approved Date]]-tblEnrollment[[#This Row],[Submitted Date]]) -> 44 | AA18: =IF(tblEnrollment[[#This Row],[Current Status]] ="Ready","Completed",IF(Z18>21,"SLA Breached","Within SLA")) -> SLA Breached | AB18: =IF(tblEnrollment[[#This Row],[Credentialed NPI]] =tblEnrollment[[#This Row],[Enrolled NPI]],"NPI Match","NPI Mismatch") -> NPI Mismatch | AC18: =IF(OR(tblEnrollment[[#This Row],[Blocker Reason]] ="Individual NPI used instead of Group NPI",tblEnrollment[[#This Row],[Blocker Reason]] ="Credentialed NPI mismatch",tblEnrollment[[#This Row],[Blocker Reason]] ="Incorrect PTAN/Provider number"),"Yes","No") -> Yes | AD18: =IF(OR(tblEnrollment[[#This Row],[Blocker Reason]] ="Wrong Payer ID",tblEnrollment[[#This Row],[Blocker Reason]] ="Old Payer ID used"),"Yes","No") -> No | AE18: =IF(OR(tblEnrollment[[#This Row],[Clearinghouse Portal Updated]]="No",tblEnrollment[[#This Row],[Blocker Reason]] ="Clearinghouse portal not updated"),"Yes","No") -> No | AF18: =IF(OR(tblEnrollment[[#This Row],[Blocker Reason]] ="Medicaid additional enrollment missing",tblEnrollment[Blocker Reason]="Medicaid requires additional enrollment after credentialing.",tblEnrollment[[#This Row],[Blocker Reason]] ="Incorrect PTAN/Provider number",tblEnrollment[[#This Row],[Blocker Reason]] ="Medicare additional enrollment missing"),"Yes","No") -> No | AG18: =IF(OR(tblEnrollment[[#This Row],[Enrollment Type]]="Claims",tblEnrollment[[#This Row],[Enrollment Type]]="Claims and ERA"),IF(AND(tblEnrollment[[#This Row],[Credentialing Status]]="Completed",tblEnrollment[[#This Row],[Claims Enrollment Status]]="Approved",tblEnrollment[[#This Row],[Clearinghouse Configuration Status]]="Completed",AB18="NPI Match"),"Ready","Not Ready"),"Not Applicable") -> Not Ready | AH18: =IF(OR(tblEnrollment[[#This Row],[Enrollment Type]]="ERA",tblEnrollment[[#This Row],[Enrollment Type]]="Claims and ERA"),IF(AND(tblEnrollment[[#This Row],[Credentialing Status]]="Completed",tblEnrollment[[#This Row],[ERA Enrollment Status]]="Approved",tblEnrollment[[#This Row],[Clearinghouse Configuration Status]]="Completed",AB18="NPI Match"),"Ready","Not Ready"),"Not Applicable") -> Not Ready | AI18: =IF(tblEnrollment[[#This Row],[Blocker Reason]] ="No Blocker","No","Yes") -> Yes
A19: ENR-0018 | B19: Lakeside Women Health | C19: Dr. Sanjay Patel | D19: IND-NPI-1018 | E19: GRP-NPI-9005 | F19: GRP-NPI-9005 | G19: GRP-NPI-9138 | H19: SYN-TIN-008 | I19: Blue Cross | J19: BCBS01 | K19: Commercial | L19: NA | M19: Claims | N19: Completed | O19: Rejected | P19: Not Required | Q19: Yes | R19: Issue Found | S19: 46093 | U19: Blocked | V19: Credentialed NPI mismatch | W19: nt92346 | X19: 46176 | Y19: Enrolled NPI does not match the payer-credentialed NPI. | Z19: =IF(tblEnrollment[[#This Row],[Approved Date]]="",DATE(2026,6,3)-tblEnrollment[[#This Row],[Submitted Date]],tblEnrollment[[#This Row],[Approved Date]]-tblEnrollment[[#This Row],[Submitted Date]]) -> 83 | AA19: =IF(tblEnrollment[[#This Row],[Current Status]] ="Ready","Completed",IF(Z19>21,"SLA Breached","Within SLA")) -> SLA Breached | AB19: =IF(tblEnrollment[[#This Row],[Credentialed NPI]] =tblEnrollment[[#This Row],[Enrolled NPI]],"NPI Match","NPI Mismatch") -> NPI Mismatch | AC19: =IF(OR(tblEnrollment[[#This Row],[Blocker Reason]] ="Individual NPI used instead of Group NPI",tblEnrollment[[#This Row],[Blocker Reason]] ="Credentialed NPI mismatch",tblEnrollment[[#This Row],[Blocker Reason]] ="Incorrect PTAN/Provider number"),"Yes","No") -> Yes | AD19: =IF(OR(tblEnrollment[[#This Row],[Blocker Reason]] ="Wrong Payer ID",tblEnrollment[[#This Row],[Blocker Reason]] ="Old Payer ID used"),"Yes","No") -> No | AE19: =IF(OR(tblEnrollment[[#This Row],[Clearinghouse Portal Updated]]="No",tblEnrollment[[#This Row],[Blocker Reason]] ="Clearinghouse portal not updated"),"Yes","No") -> No | AF19: =IF(OR(tblEnrollment[[#This Row],[Blocker Reason]] ="Medicaid additional enrollment missing",tblEnrollment[Blocker Reason]="Medicaid requires additional enrollment after credentialing.",tblEnrollment[[#This Row],[Blocker Reason]] ="Incorrect PTAN/Provider number",tblEnrollment[[#This Row],[Blocker Reason]] ="Medicare additional enrollment missing"),"Yes","No") -> No | AG19: =IF(OR(tblEnrollment[[#This Row],[Enrollment Type]]="Claims",tblEnrollment[[#This Row],[Enrollment Type]]="Claims and ERA"),IF(AND(tblEnrollment[[#This Row],[Credentialing Status]]="Completed",tblEnrollment[[#This Row],[Claims Enrollment Status]]="Approved",tblEnrollment[[#This Row],[Clearinghouse Configuration Status]]="Completed",AB19="NPI Match"),"Ready","Not Ready"),"Not Applicable") -> Not Ready | AH19: =IF(OR(tblEnrollment[[#This Row],[Enrollment Type]]="ERA",tblEnrollment[[#This Row],[Enrollment Type]]="Claims and ERA"),IF(AND(tblEnrollment[[#This Row],[Credentialing Status]]="Completed",tblEnrollment[[#This Row],[ERA Enrollment Status]]="Approved",tblEnrollment[[#This Row],[Clearinghouse Configuration Status]]="Completed",AB19="NPI Match"),"Ready","Not Ready"),"Not Applicable") -> Not Applicable | AI19: =IF(tblEnrollment[[#This Row],[Blocker Reason]] ="No Blocker","No","Yes") -> Yes
A20: ENR-0019 | B20: Oak Street Primary Care | C20: Dr. Mark Nguyen | D20: IND-NPI-1019 | E20: GRP-NPI-9003 | F20: GRP-NPI-9003 | G20: IND-NPI-1019 | H20: SYN-TIN-028 | I20: Humana | J20: HUM001 | K20: Commercial | L20: NA | M20: ERA | N20: Completed | O20: Not Required | P20: Rejected | Q20: Yes | R20: Issue Found | S20: 46108 | U20: Blocked | V20: Individual NPI used instead of group NPI | W20: rc48215 | X20: 46186 | Y20: Enrollment was submitted under individual NPI instead of group billing NPI. | Z20: =IF(tblEnrollment[[#This Row],[Approved Date]]="",DATE(2026,6,3)-tblEnrollment[[#This Row],[Submitted Date]],tblEnrollment[[#This Row],[Approved Date]]-tblEnrollment[[#This Row],[Submitted Date]]) -> 68 | AA20: =IF(tblEnrollment[[#This Row],[Current Status]] ="Ready","Completed",IF(Z20>21,"SLA Breached","Within SLA")) -> SLA Breached | AB20: =IF(tblEnrollment[[#This Row],[Credentialed NPI]] =tblEnrollment[[#This Row],[Enrolled NPI]],"NPI Match","NPI Mismatch") -> NPI Mismatch | AC20: =IF(OR(tblEnrollment[[#This Row],[Blocker Reason]] ="Individual NPI used instead of Group NPI",tblEnrollment[[#This Row],[Blocker Reason]] ="Credentialed NPI mismatch",tblEnrollment[[#This Row],[Blocker Reason]] ="Incorrect PTAN/Provider number"),"Yes","No") -> Yes | AD20: =IF(OR(tblEnrollment[[#This Row],[Blocker Reason]] ="Wrong Payer ID",tblEnrollment[[#This Row],[Blocker Reason]] ="Old Payer ID used"),"Yes","No") -> No | AE20: =IF(OR(tblEnrollment[[#This Row],[Clearinghouse Portal Updated]]="No",tblEnrollment[[#This Row],[Blocker Reason]] ="Clearinghouse portal not updated"),"Yes","No") -> No | AF20: =IF(OR(tblEnrollment[[#This Row],[Blocker Reason]] ="Medicaid additional enrollment missing",tblEnrollment[Blocker Reason]="Medicaid requires additional enrollment after credentialing.",tblEnrollment[[#This Row],[Blocker Reason]] ="Incorrect PTAN/Provider number",tblEnrollment[[#This Row],[Blocker Reason]] ="Medicare additional enrollment missing"),"Yes","No") -> No | AG20: =IF(OR(tblEnrollment[[#This Row],[Enrollment Type]]="Claims",tblEnrollment[[#This Row],[Enrollment Type]]="Claims and ERA"),IF(AND(tblEnrollment[[#This Row],[Credentialing Status]]="Completed",tblEnrollment[[#This Row],[Claims Enrollment Status]]="Approved",tblEnrollment[[#This Row],[Clearinghouse Configuration Status]]="Completed",AB20="NPI Match"),"Ready","Not Ready"),"Not Applicable") -> Not Applicable | AH20: =IF(OR(tblEnrollment[[#This Row],[Enrollment Type]]="ERA",tblEnrollment[[#This Row],[Enrollment Type]]="Claims and ERA"),IF(AND(tblEnrollment[[#This Row],[Credentialing Status]]="Completed",tblEnrollment[[#This Row],[ERA Enrollment Status]]="Approved",tblEnrollment[[#This Row],[Clearinghouse Configuration Status]]="Completed",AB20="NPI Match"),"Ready","Not Ready"),"Not Applicable") -> Not Ready | AI20: =IF(tblEnrollment[[#This Row],[Blocker Reason]] ="No Blocker","No","Yes") -> Yes
A21: ENR-0020 | B21: Sunrise Family Medicine | C21: Dr. Sara Torres | D21: IND-NPI-1020 | E21: GRP-NPI-9037 | F21: GRP-NPI-9037 | G21: GRP-NPI-9037 | H21: SYN-TIN-056 | I21: United Healthcare | J21: WRONG-UHC | K21: Commercial | L21: NA | M21: Claims and ERA | N21: Completed | O21: Rejected | P21: Rejected | Q21: Yes | R21: Issue Found | S21: 46085 | U21: Blocked | V21: Wrong payer ID | W21: nt92346 | X21: 46177 | Y21: Incorrect payer ID was used for enrollment or routing. | Z21: =IF(tblEnrollment[[#This Row],[Approved Date]]="",DATE(2026,6,3)-tblEnrollment[[#This Row],[Submitted Date]],tblEnrollment[[#This Row],[Approved Date]]-tblEnrollment[[#This Row],[Submitted Date]]) -> 91 | AA21: =IF(tblEnrollment[[#This Row],[Current Status]] ="Ready","Completed",IF(Z21>21,"SLA Breached","Within SLA")) -> SLA Breached | AB21: =IF(tblEnrollment[[#This Row],[Credentialed NPI]] =tblEnrollment[[#This Row],[Enrolled NPI]],"NPI Match","NPI Mismatch") -> NPI Match | AC21: =IF(OR(tblEnrollment[[#This Row],[Blocker Reason]] ="Individual NPI used instead of Group NPI",tblEnrollment[[#This Row],[Blocker Reason]] ="Credentialed NPI mismatch",tblEnrollment[[#This Row],[Blocker Reason]] ="Incorrect PTAN/Provider number"),"Yes","No") -> No | AD21: =IF(OR(tblEnrollment[[#This Row],[Blocker Reason]] ="Wrong Payer ID",tblEnrollment[[#This Row],[Blocker Reason]] ="Old Payer ID used"),"Yes","No") -> Yes | AE21: =IF(OR(tblEnrollment[[#This Row],[Clearinghouse Portal Updated]]="No",tblEnrollment[[#This Row],[Blocker Reason]] ="Clearinghouse portal not updated"),"Yes","No") -> No | AF21: =IF(OR(tblEnrollment[[#This Row],[Blocker Reason]] ="Medicaid additional enrollment missing",tblEnrollment[Blocker Reason]="Medicaid requires additional enrollment after credentialing.",tblEnrollment[[#This Row],[Blocker Reason]] ="Incorrect PTAN/Provider number",tblEnrollment[[#This Row],[Blocker Reason]] ="Medicare additional enrollment missing"),"Yes","No") -> No | AG21: =IF(OR(tblEnrollment[[#This Row],[Enrollment Type]]="Claims",tblEnrollment[[#This Row],[Enrollment Type]]="Claims and ERA"),IF(AND(tblEnrollment[[#This Row],[Credentialing Status]]="Completed",tblEnrollment[[#This Row],[Claims Enrollment Status]]="Approved",tblEnrollment[[#This Row],[Clearinghouse Configuration Status]]="Completed",AB21="NPI Match"),"Ready","Not Ready"),"Not Applicable") -> Not Ready | AH21: =IF(OR(tblEnrollment[[#This Row],[Enrollment Type]]="ERA",tblEnrollment[[#This Row],[Enrollment Type]]="Claims and ERA"),IF(AND(tblEnrollment[[#This Row],[Credentialing Status]]="Completed",tblEnrollment[[#This Row],[ERA Enrollment Status]]="Approved",tblEnrollment[[#This Row],[Clearinghouse Configuration Status]]="Completed",AB21="NPI Match"),"Ready","Not Ready"),"Not Applicable") -> Not Ready | AI21: =IF(tblEnrollment[[#This Row],[Blocker Reason]] ="No Blocker","No","Yes") -> Yes
A22: ENR-0021 | B22: Silverline Neurology | C22: Dr. Ethan Ali | D22: IND-NPI-1021 | E22: GRP-NPI-9030 | F22: GRP-NPI-9030 | G22: GRP-NPI-9030 | H22: SYN-TIN-044 | I22: Humana | J22: HUM001 | K22: Commercial | L22: NA | M22: Claims and ERA | N22: In Progress | O22: Not Started | P22: Not Started | Q22: No | R22: Not Started | S22: 46062 | U22: Pending | V22: Credentialing not completed | W22: rc48215 | X22: 46176 | Y22: Credentialing must be completed before enrollment can proceed. | Z22: =IF(tblEnrollment[[#This Row],[Approved Date]]="",DATE(2026,6,3)-tblEnrollment[[#This Row],[Submitted Date]],tblEnrollment[[#This Row],[Approved Date]]-tblEnrollment[[#This Row],[Submitted Date]]) -> 114 | AA22: =IF(tblEnrollment[[#This Row],[Current Status]] ="Ready","Completed",IF(Z22>21,"SLA Breached","Within SLA")) -> SLA Breached | AB22: =IF(tblEnrollment[[#This Row],[Credentialed NPI]] =tblEnrollment[[#This Row],[Enrolled NPI]],"NPI Match","NPI Mismatch") -> NPI Match | AC22: =IF(OR(tblEnrollment[[#This Row],[Blocker Reason]] ="Individual NPI used instead of Group NPI",tblEnrollment[[#This Row],[Blocker Reason]] ="Credentialed NPI mismatch",tblEnrollment[[#This Row],[Blocker Reason]] ="Incorrect PTAN/Provider number"),"Yes","No") -> No | AD22: =IF(OR(tblEnrollment[[#This Row],[Blocker Reason]] ="Wrong Payer ID",tblEnrollment[[#This Row],[Blocker Reason]] ="Old Payer ID used"),"Yes","No") -> No | AE22: =IF(OR(tblEnrollment[[#This Row],[Clearinghouse Portal Updated]]="No",tblEnrollment[[#This Row],[Blocker Reason]] ="Clearinghouse portal not updated"),"Yes","No") -> Yes | AF22: =IF(OR(tblEnrollment[[#This Row],[Blocker Reason]] ="Medicaid additional enrollment missing",tblEnrollment[Blocker Reason]="Medicaid requires additional enrollment after credentialing.",tblEnrollment[[#This Row],[Blocker Reason]] ="Incorrect PTAN/Provider number",tblEnrollment[[#This Row],[Blocker Reason]] ="Medicare additional enrollment missing"),"Yes","No") -> No | AG22: =IF(OR(tblEnrollment[[#This Row],[Enrollment Type]]="Claims",tblEnrollment[[#This Row],[Enrollment Type]]="Claims and ERA"),IF(AND(tblEnrollment[[#This Row],[Credentialing Status]]="Completed",tblEnrollment[[#This Row],[Claims Enrollment Status]]="Approved",tblEnrollment[[#This Row],[Clearinghouse Configuration Status]]="Completed",AB22="NPI Match"),"Ready","Not Ready"),"Not Applicable") -> Not Ready | AH22: =IF(OR(tblEnrollment[[#This Row],[Enrollment Type]]="ERA",tblEnrollment[[#This Row],[Enrollment Type]]="Claims and ERA"),IF(AND(tblEnrollment[[#This Row],[Credentialing Status]]="Completed",tblEnrollment[[#This Row],[ERA Enrollment Status]]="Approved",tblEnrollment[[#This Row],[Clearinghouse Configuration Status]]="Completed",AB22="NPI Match"),"Ready","Not Ready"),"Not Applicable") -> Not Ready | AI22: =IF(tblEnrollment[[#This Row],[Blocker Reason]] ="No Blocker","No","Yes") -> Yes
A23: ENR-0022 | B23: Liberty Primary Care | C23: Dr. Emily Patel | D23: IND-NPI-1022 | E23: GRP-NPI-9013 | F23: GRP-NPI-9013 | G23: GRP-NPI-9013 | H23: SYN-TIN-010 | I23: Medicaid | J23: MCD002 | K23: Government | L23: PTAN-0022 | M23: Claims and ERA | N23: Completed | O23: Approved | P23: Approved | Q23: Yes | R23: Completed | S23: 46083 | T23: 46094 | U23: Ready | V23: No blocker | W23: nt00234 | X23: 46183 | Y23: Record is ready for expected transaction flow. | Z23: =IF(tblEnrollment[[#This Row],[Approved Date]]="",DATE(2026,6,3)-tblEnrollment[[#This Row],[Submitted Date]],tblEnrollment[[#This Row],[Approved Date]]-tblEnrollment[[#This Row],[Submitted Date]]) -> 11 | AA23: =IF(tblEnrollment[[#This Row],[Current Status]] ="Ready","Completed",IF(Z23>21,"SLA Breached","Within SLA")) -> Completed | AB23: =IF(tblEnrollment[[#This Row],[Credentialed NPI]] =tblEnrollment[[#This Row],[Enrolled NPI]],"NPI Match","NPI Mismatch") -> NPI Match | AC23: =IF(OR(tblEnrollment[[#This Row],[Blocker Reason]] ="Individual NPI used instead of Group NPI",tblEnrollment[[#This Row],[Blocker Reason]] ="Credentialed NPI mismatch",tblEnrollment[[#This Row],[Blocker Reason]] ="Incorrect PTAN/Provider number"),"Yes","No") -> No | AD23: =IF(OR(tblEnrollment[[#This Row],[Blocker Reason]] ="Wrong Payer ID",tblEnrollment[[#This Row],[Blocker Reason]] ="Old Payer ID used"),"Yes","No") -> No | AE23: =IF(OR(tblEnrollment[[#This Row],[Clearinghouse Portal Updated]]="No",tblEnrollment[[#This Row],[Blocker Reason]] ="Clearinghouse portal not updated"),"Yes","No") -> No | AF23: =IF(OR(tblEnrollment[[#This Row],[Blocker Reason]] ="Medicaid additional enrollment missing",tblEnrollment[Blocker Reason]="Medicaid requires additional enrollment after credentialing.",tblEnrollment[[#This Row],[Blocker Reason]] ="Incorrect PTAN/Provider number",tblEnrollment[[#This Row],[Blocker Reason]] ="Medicare additional enrollment missing"),"Yes","No") -> No | AG23: =IF(OR(tblEnrollment[[#This Row],[Enrollment Type]]="Claims",tblEnrollment[[#This Row],[Enrollment Type]]="Claims and ERA"),IF(AND(tblEnrollment[[#This Row],[Credentialing Status]]="Completed",tblEnrollment[[#This Row],[Claims Enrollment Status]]="Approved",tblEnrollment[[#This Row],[Clearinghouse Configuration Status]]="Completed",AB23="NPI Match"),"Ready","Not Ready"),"Not Applicable") -> Ready | AH23: =IF(OR(tblEnrollment[[#This Row],[Enrollment Type]]="ERA",tblEnrollment[[#This Row],[Enrollment Type]]="Claims and ERA"),IF(AND(tblEnrollment[[#This Row],[Credentialing Status]]="Completed",tblEnrollment[[#This Row],[ERA Enrollment Status]]="Approved",tblEnrollment[[#This Row],[Clearinghouse Configuration Status]]="Completed",AB23="NPI Match"),"Ready","Not Ready"),"Not Applicable") -> Ready | AI23: =IF(tblEnrollment[[#This Row],[Blocker Reason]] ="No Blocker","No","Yes") -> No
A24: ENR-0023 | B24: Blue Harbor ENT | C24: Dr. Ivy Shah | D24: IND-NPI-1023 | E24: GRP-NPI-9004 | F24: GRP-NPI-9004 | G24: GRP-NPI-9004 | H24: SYN-TIN-063 | I24: Cigna | J24: CIG-OLD | K24: Commercial | L24: NA | M24: Claims and ERA | N24: Completed | O24: Rejected | P24: Rejected | Q24: Yes | R24: Issue Found | S24: 46097 | U24: Blocked | V24: Old payer ID used | W24: rc48215 | X24: 46178 | Y24: Outdated payer ID needs to be replaced with current payer ID. | Z24: =IF(tblEnrollment[[#This Row],[Approved Date]]="",DATE(2026,6,3)-tblEnrollment[[#This Row],[Submitted Date]],tblEnrollment[[#This Row],[Approved Date]]-tblEnrollment[[#This Row],[Submitted Date]]) -> 79 | AA24: =IF(tblEnrollment[[#This Row],[Current Status]] ="Ready","Completed",IF(Z24>21,"SLA Breached","Within SLA")) -> SLA Breached | AB24: =IF(tblEnrollment[[#This Row],[Credentialed NPI]] =tblEnrollment[[#This Row],[Enrolled NPI]],"NPI Match","NPI Mismatch") -> NPI Match | AC24: =IF(OR(tblEnrollment[[#This Row],[Blocker Reason]] ="Individual NPI used instead of Group NPI",tblEnrollment[[#This Row],[Blocker Reason]] ="Credentialed NPI mismatch",tblEnrollment[[#This Row],[Blocker Reason]] ="Incorrect PTAN/Provider number"),"Yes","No") -> No | AD24: =IF(OR(tblEnrollment[[#This Row],[Blocker Reason]] ="Wrong Payer ID",tblEnrollment[[#This Row],[Blocker Reason]] ="Old Payer ID used"),"Yes","No") -> Yes | AE24: =IF(OR(tblEnrollment[[#This Row],[Clearinghouse Portal Updated]]="No",tblEnrollment[[#This Row],[Blocker Reason]] ="Clearinghouse portal not updated"),"Yes","No") -> No | AF24: =IF(OR(tblEnrollment[[#This Row],[Blocker Reason]] ="Medicaid additional enrollment missing",tblEnrollment[Blocker Reason]="Medicaid requires additional enrollment after credentialing.",tblEnrollment[[#This Row],[Blocker Reason]] ="Incorrect PTAN/Provider number",tblEnrollment[[#This Row],[Blocker Reason]] ="Medicare additional enrollment missing"),"Yes","No") -> No | AG24: =IF(OR(tblEnrollment[[#This Row],[Enrollment Type]]="Claims",tblEnrollment[[#This Row],[Enrollment Type]]="Claims and ERA"),IF(AND(tblEnrollment[[#This Row],[Credentialing Status]]="Completed",tblEnrollment[[#This Row],[Claims Enrollment Status]]="Approved",tblEnrollment[[#This Row],[Clearinghouse Configuration Status]]="Completed",AB24="NPI Match"),"Ready","Not Ready"),"Not Applicable") -> Not Ready | AH24: =IF(OR(tblEnrollment[[#This Row],[Enrollment Type]]="ERA",tblEnrollment[[#This Row],[Enrollment Type]]="Claims and ERA"),IF(AND(tblEnrollment[[#This Row],[Credentialing Status]]="Completed",tblEnrollment[[#This Row],[ERA Enrollment Status]]="Approved",tblEnrollment[[#This Row],[Clearinghouse Configuration Status]]="Completed",AB24="NPI Match"),"Ready","Not Ready"),"Not Applicable") -> Not Ready | AI24: =IF(tblEnrollment[[#This Row],[Blocker Reason]] ="No Blocker","No","Yes") -> Yes
A25: ENR-0024 | B25: Valley View Gastro | C25: Dr. Omar Carter | D25: IND-NPI-1024 | E25: GRP-NPI-9026 | F25: GRP-NPI-9026 | G25: GRP-NPI-9026 | H25: SYN-TIN-055 | I25: Medicare | J25: MED001 | K25: Government | L25: PTAN-0024 | M25: Claims | N25: Completed | O25: Approved | P25: Not Required | Q25: Yes | R25: Completed | S25: 46136 | T25: 46147 | U25: Ready | V25: No blocker | W25: k19731 | X25: 46183 | Y25: Record is ready for expected transaction flow. | Z25: =IF(tblEnrollment[[#This Row],[Approved Date]]="",DATE(2026,6,3)-tblEnrollment[[#This Row],[Submitted Date]],tblEnrollment[[#This Row],[Approved Date]]-tblEnrollment[[#This Row],[Submitted Date]]) -> 11 | AA25: =IF(tblEnrollment[[#This Row],[Current Status]] ="Ready","Completed",IF(Z25>21,"SLA Breached","Within SLA")) -> Completed | AB25: =IF(tblEnrollment[[#This Row],[Credentialed NPI]] =tblEnrollment[[#This Row],[Enrolled NPI]],"NPI Match","NPI Mismatch") -> NPI Match | AC25: =IF(OR(tblEnrollment[[#This Row],[Blocker Reason]] ="Individual NPI used instead of Group NPI",tblEnrollment[[#This Row],[Blocker Reason]] ="Credentialed NPI mismatch",tblEnrollment[[#This Row],[Blocker Reason]] ="Incorrect PTAN/Provider number"),"Yes","No") -> No | AD25: =IF(OR(tblEnrollment[[#This Row],[Blocker Reason]] ="Wrong Payer ID",tblEnrollment[[#This Row],[Blocker Reason]] ="Old Payer ID used"),"Yes","No") -> No | AE25: =IF(OR(tblEnrollment[[#This Row],[Clearinghouse Portal Updated]]="No",tblEnrollment[[#This Row],[Blocker Reason]] ="Clearinghouse portal not updated"),"Yes","No") -> No | AF25: =IF(OR(tblEnrollment[[#This Row],[Blocker Reason]] ="Medicaid additional enrollment missing",tblEnrollment[Blocker Reason]="Medicaid requires additional enrollment after credentialing.",tblEnrollment[[#This Row],[Blocker Reason]] ="Incorrect PTAN/Provider number",tblEnrollment[[#This Row],[Blocker Reason]] ="Medicare additional enrollment missing"),"Yes","No") -> No | AG25: =IF(OR(tblEnrollment[[#This Row],[Enrollment Type]]="Claims",tblEnrollment[[#This Row],[Enrollment Type]]="Claims and ERA"),IF(AND(tblEnrollment[[#This Row],[Credentialing Status]]="Completed",tblEnrollment[[#This Row],[Claims Enrollment Status]]="Approved",tblEnrollment[[#This Row],[Clearinghouse Configuration Status]]="Completed",AB25="NPI Match"),"Ready","Not Ready"),"Not Applicable") -> Ready | AH25: =IF(OR(tblEnrollment[[#This Row],[Enrollment Type]]="ERA",tblEnrollment[[#This Row],[Enrollment Type]]="Claims and ERA"),IF(AND(tblEnrollment[[#This Row],[Credentialing Status]]="Completed",tblEnrollment[[#This Row],[ERA Enrollment Status]]="Approved",tblEnrollment[[#This Row],[Clearinghouse Configuration Status]]="Completed",AB25="NPI Match"),"Ready","Not Ready"),"Not Applicable") -> Not Applicable | AI25: =IF(tblEnrollment[[#This Row],[Blocker Reason]] ="No Blocker","No","Yes") -> No
A26: ENR-0025 | B26: Grand Oak Surgery Center | C26: Dr. Ivy Joshi | D26: IND-NPI-1025 | E26: GRP-NPI-9032 | F26: GRP-NPI-9032 | G26: GRP-NPI-9032 | H26: SYN-TIN-008 | I26: Medicaid | J26: MCD002 | K26: Government | L26: PTAN-0025 | M26: Claims | N26: Completed | O26: Approved | P26: Not Required | Q26: Yes | R26: Completed | S26: 46051 | T26: 46067 | U26: Ready | V26: No blocker | W26: ew53009 | X26: 46187 | Y26: Record is ready for expected transaction flow. | Z26: =IF(tblEnrollment[[#This Row],[Approved Date]]="",DATE(2026,6,3)-tblEnrollment[[#This Row],[Submitted Date]],tblEnrollment[[#This Row],[Approved Date]]-tblEnrollment[[#This Row],[Submitted Date]]) -> 16 | AA26: =IF(tblEnrollment[[#This Row],[Current Status]] ="Ready","Completed",IF(Z26>21,"SLA Breached","Within SLA")) -> Completed | AB26: =IF(tblEnrollment[[#This Row],[Credentialed NPI]] =tblEnrollment[[#This Row],[Enrolled NPI]],"NPI Match","NPI Mismatch") -> NPI Match | AC26: =IF(OR(tblEnrollment[[#This Row],[Blocker Reason]] ="Individual NPI used instead of Group NPI",tblEnrollment[[#This Row],[Blocker Reason]] ="Credentialed NPI mismatch",tblEnrollment[[#This Row],[Blocker Reason]] ="Incorrect PTAN/Provider number"),"Yes","No") -> No | AD26: =IF(OR(tblEnrollment[[#This Row],[Blocker Reason]] ="Wrong Payer ID",tblEnrollment[[#This Row],[Blocker Reason]] ="Old Payer ID used"),"Yes","No") -> No | AE26: =IF(OR(tblEnrollment[[#This Row],[Clearinghouse Portal Updated]]="No",tblEnrollment[[#This Row],[Blocker Reason]] ="Clearinghouse portal not updated"),"Yes","No") -> No | AF26: =IF(OR(tblEnrollment[[#This Row],[Blocker Reason]] ="Medicaid additional enrollment missing",tblEnrollment[Blocker Reason]="Medicaid requires additional enrollment after credentialing.",tblEnrollment[[#This Row],[Blocker Reason]] ="Incorrect PTAN/Provider number",tblEnrollment[[#This Row],[Blocker Reason]] ="Medicare additional enrollment missing"),"Yes","No") -> No | AG26: =IF(OR(tblEnrollment[[#This Row],[Enrollment Type]]="Claims",tblEnrollment[[#This Row],[Enrollment Type]]="Claims and ERA"),IF(AND(tblEnrollment[[#This Row],[Credentialing Status]]="Completed",tblEnrollment[[#This Row],[Claims Enrollment Status]]="Approved",tblEnrollment[[#This Row],[Clearinghouse Configuration Status]]="Completed",AB26="NPI Match"),"Ready","Not Ready"),"Not Applicable") -> Ready | AH26: =IF(OR(tblEnrollment[[#This Row],[Enrollment Type]]="ERA",tblEnrollment[[#This Row],[Enrollment Type]]="Claims and ERA"),IF(AND(tblEnrollment[[#This Row],[Credentialing Status]]="Completed",tblEnrollment[[#This Row],[ERA Enrollment Status]]="Approved",tblEnrollment[[#This Row],[Clearinghouse Configuration Status]]="Completed",AB26="NPI Match"),"Ready","Not Ready"),"Not Applicable") -> Not Applicable | AI26: =IF(tblEnrollment[[#This Row],[Blocker Reason]] ="No Blocker","No","Yes") -> No
A27: ENR-0026 | B27: Willow Creek Pediatrics | C27: Dr. Kevin Rao | D27: IND-NPI-1026 | E27: GRP-NPI-9004 | F27: GRP-NPI-9004 | G27: GRP-NPI-9004 | H27: SYN-TIN-011 | I27: United Healthcare | J27: UHC001 | K27: Commercial | L27: NA | M27: Claims and ERA | N27: Completed | O27: Pending | P27: Pending | Q27: Yes | R27: In Progress | S27: 46172 | U27: Pending | V27: Missing payer approval | W27: nt92346 | X27: 46178 | Y27: Waiting on payer approval or payer response. | Z27: =IF(tblEnrollment[[#This Row],[Approved Date]]="",DATE(2026,6,3)-tblEnrollment[[#This Row],[Submitted Date]],tblEnrollment[[#This Row],[Approved Date]]-tblEnrollment[[#This Row],[Submitted Date]]) -> 4 | AA27: =IF(tblEnrollment[[#This Row],[Current Status]] ="Ready","Completed",IF(Z27>21,"SLA Breached","Within SLA")) -> Within SLA | AB27: =IF(tblEnrollment[[#This Row],[Credentialed NPI]] =tblEnrollment[[#This Row],[Enrolled NPI]],"NPI Match","NPI Mismatch") -> NPI Match | AC27: =IF(OR(tblEnrollment[[#This Row],[Blocker Reason]] ="Individual NPI used instead of Group NPI",tblEnrollment[[#This Row],[Blocker Reason]] ="Credentialed NPI mismatch",tblEnrollment[[#This Row],[Blocker Reason]] ="Incorrect PTAN/Provider number"),"Yes","No") -> No | AD27: =IF(OR(tblEnrollment[[#This Row],[Blocker Reason]] ="Wrong Payer ID",tblEnrollment[[#This Row],[Blocker Reason]] ="Old Payer ID used"),"Yes","No") -> No | AE27: =IF(OR(tblEnrollment[[#This Row],[Clearinghouse Portal Updated]]="No",tblEnrollment[[#This Row],[Blocker Reason]] ="Clearinghouse portal not updated"),"Yes","No") -> No | AF27: =IF(OR(tblEnrollment[[#This Row],[Blocker Reason]] ="Medicaid additional enrollment missing",tblEnrollment[Blocker Reason]="Medicaid requires additional enrollment after credentialing.",tblEnrollment[[#This Row],[Blocker Reason]] ="Incorrect PTAN/Provider number",tblEnrollment[[#This Row],[Blocker Reason]] ="Medicare additional enrollment missing"),"Yes","No") -> No | AG27: =IF(OR(tblEnrollment[[#This Row],[Enrollment Type]]="Claims",tblEnrollment[[#This Row],[Enrollment Type]]="Claims and ERA"),IF(AND(tblEnrollment[[#This Row],[Credentialing Status]]="Completed",tblEnrollment[[#This Row],[Claims Enrollment Status]]="Approved",tblEnrollment[[#This Row],[Clearinghouse Configuration Status]]="Completed",AB27="NPI Match"),"Ready","Not Ready"),"Not Applicable") -> Not Ready | AH27: =IF(OR(tblEnrollment[[#This Row],[Enrollment Type]]="ERA",tblEnrollment[[#This Row],[Enrollment Type]]="Claims and ERA"),IF(AND(tblEnrollment[[#This Row],[Credentialing Status]]="Completed",tblEnrollment[[#This Row],[ERA Enrollment Status]]="Approved",tblEnrollment[[#This Row],[Clearinghouse Configuration Status]]="Completed",AB27="NPI Match"),"Ready","Not Ready"),"Not Applicable") -> Not Ready | AI27: =IF(tblEnrollment[[#This Row],[Blocker Reason]] ="No Blocker","No","Yes") -> Yes
A28: ENR-0027 | B28: Harborview Pediatrics | C28: Dr. Thomas Lee | D28: IND-NPI-1027 | E28: GRP-NPI-9039 | F28: GRP-NPI-9039 | G28: GRP-NPI-9039 | H28: SYN-TIN-006 | I28: Medicare | J28: MED001 | K28: Government | L28: PTAN-0027 | M28: Claims and ERA | N28: Completed | O28: Approved | P28: Approved | Q28: Yes | R28: Completed | S28: 46067 | T28: 46083 | U28: Ready | V28: No blocker | W28: ew53009 | X28: 46179 | Y28: Record is ready for expected transaction flow. | Z28: =IF(tblEnrollment[[#This Row],[Approved Date]]="",DATE(2026,6,3)-tblEnrollment[[#This Row],[Submitted Date]],tblEnrollment[[#This Row],[Approved Date]]-tblEnrollment[[#This Row],[Submitted Date]]) -> 16 | AA28: =IF(tblEnrollment[[#This Row],[Current Status]] ="Ready","Completed",IF(Z28>21,"SLA Breached","Within SLA")) -> Completed | AB28: =IF(tblEnrollment[[#This Row],[Credentialed NPI]] =tblEnrollment[[#This Row],[Enrolled NPI]],"NPI Match","NPI Mismatch") -> NPI Match | AC28: =IF(OR(tblEnrollment[[#This Row],[Blocker Reason]] ="Individual NPI used instead of Group NPI",tblEnrollment[[#This Row],[Blocker Reason]] ="Credentialed NPI mismatch",tblEnrollment[[#This Row],[Blocker Reason]] ="Incorrect PTAN/Provider number"),"Yes","No") -> No | AD28: =IF(OR(tblEnrollment[[#This Row],[Blocker Reason]] ="Wrong Payer ID",tblEnrollment[[#This Row],[Blocker Reason]] ="Old Payer ID used"),"Yes","No") -> No | AE28: =IF(OR(tblEnrollment[[#This Row],[Clearinghouse Portal Updated]]="No",tblEnrollment[[#This Row],[Blocker Reason]] ="Clearinghouse portal not updated"),"Yes","No") -> No | AF28: =IF(OR(tblEnrollment[[#This Row],[Blocker Reason]] ="Medicaid additional enrollment missing",tblEnrollment[Blocker Reason]="Medicaid requires additional enrollment after credentialing.",tblEnrollment[[#This Row],[Blocker Reason]] ="Incorrect PTAN/Provider number",tblEnrollment[[#This Row],[Blocker Reason]] ="Medicare additional enrollment missing"),"Yes","No") -> No | AG28: =IF(OR(tblEnrollment[[#This Row],[Enrollment Type]]="Claims",tblEnrollment[[#This Row],[Enrollment Type]]="Claims and ERA"),IF(AND(tblEnrollment[[#This Row],[Credentialing Status]]="Completed",tblEnrollment[[#This Row],[Claims Enrollment Status]]="Approved",tblEnrollment[[#This Row],[Clearinghouse Configuration Status]]="Completed",AB28="NPI Match"),"Ready","Not Ready"),"Not Applicable") -> Ready | AH28: =IF(OR(tblEnrollment[[#This Row],[Enrollment Type]]="ERA",tblEnrollment[[#This Row],[Enrollment Type]]="Claims and ERA"),IF(AND(tblEnrollment[[#This Row],[Credentialing Status]]="Completed",tblEnrollment[[#This Row],[ERA Enrollment Status]]="Approved",tblEnrollment[[#This Row],[Clearinghouse Configuration Status]]="Completed",AB28="NPI Match"),"Ready","Not Ready"),"Not Applicable") -> Ready | AI28: =IF(tblEnrollment[[#This Row],[Blocker Reason]] ="No Blocker","No","Yes") -> No
A29: ENR-0028 | B29: Parkside Oncology | C29: Dr. Vivek Ali | D29: IND-NPI-1028 | E29: GRP-NPI-9043 | F29: GRP-NPI-9043 | G29: GRP-NPI-9043 | H29: SYN-TIN-031 | I29: United Healthcare | J29: UHC001 | K29: Commercial | L29: NA | M29: Claims and ERA | N29: Completed | O29: Approved | P29: Pending | Q29: No | R29: Pending | S29: 46103 | U29: Pending | V29: Clearinghouse portal not updated | W29: k19731 | X29: 46179 | Y29: Clearinghouse route or portal setup needs update before go-live. | Z29: =IF(tblEnrollment[[#This Row],[Approved Date]]="",DATE(2026,6,3)-tblEnrollment[[#This Row],[Submitted Date]],tblEnrollment[[#This Row],[Approved Date]]-tblEnrollment[[#This Row],[Submitted Date]]) -> 73 | AA29: =IF(tblEnrollment[[#This Row],[Current Status]] ="Ready","Completed",IF(Z29>21,"SLA Breached","Within SLA")) -> SLA Breached | AB29: =IF(tblEnrollment[[#This Row],[Credentialed NPI]] =tblEnrollment[[#This Row],[Enrolled NPI]],"NPI Match","NPI Mismatch") -> NPI Match | AC29: =IF(OR(tblEnrollment[[#This Row],[Blocker Reason]] ="Individual NPI used instead of Group NPI",tblEnrollment[[#This Row],[Blocker Reason]] ="Credentialed NPI mismatch",tblEnrollment[[#This Row],[Blocker Reason]] ="Incorrect PTAN/Provider number"),"Yes","No") -> No | AD29: =IF(OR(tblEnrollment[[#This Row],[Blocker Reason]] ="Wrong Payer ID",tblEnrollment[[#This Row],[Blocker Reason]] ="Old Payer ID used"),"Yes","No") -> No | AE29: =IF(OR(tblEnrollment[[#This Row],[Clearinghouse Portal Updated]]="No",tblEnrollment[[#This Row],[Blocker Reason]] ="Clearinghouse portal not updated"),"Yes","No") -> Yes | AF29: =IF(OR(tblEnrollment[[#This Row],[Blocker Reason]] ="Medicaid additional enrollment missing",tblEnrollment[Blocker Reason]="Medicaid requires additional enrollment after credentialing.",tblEnrollment[[#This Row],[Blocker Reason]] ="Incorrect PTAN/Provider number",tblEnrollment[[#This Row],[Blocker Reason]] ="Medicare additional enrollment missing"),"Yes","No") -> No | AG29: =IF(OR(tblEnrollment[[#This Row],[Enrollment Type]]="Claims",tblEnrollment[[#This Row],[Enrollment Type]]="Claims and ERA"),IF(AND(tblEnrollment[[#This Row],[Credentialing Status]]="Completed",tblEnrollment[[#This Row],[Claims Enrollment Status]]="Approved",tblEnrollment[[#This Row],[Clearinghouse Configuration Status]]="Completed",AB29="NPI Match"),"Ready","Not Ready"),"Not Applicable") -> Not Ready | AH29: =IF(OR(tblEnrollment[[#This Row],[Enrollment Type]]="ERA",tblEnrollment[[#This Row],[Enrollment Type]]="Claims and ERA"),IF(AND(tblEnrollment[[#This Row],[Credentialing Status]]="Completed",tblEnrollment[[#This Row],[ERA Enrollment Status]]="Approved",tblEnrollment[[#This Row],[Clearinghouse Configuration Status]]="Completed",AB29="NPI Match"),"Ready","Not Ready"),"Not Applicable") -> Not Ready | AI29: =IF(tblEnrollment[[#This Row],[Blocker Reason]] ="No Blocker","No","Yes") -> Yes
A30: ENR-0029 | B30: Westbrook Dermatology | C30: Dr. Noah Wilson | D30: IND-NPI-1029 | E30: GRP-NPI-9043 | F30: GRP-NPI-9043 | G30: GRP-NPI-9043 | H30: SYN-TIN-013 | I30: Cigna | J30: CIG001 | K30: Commercial | L30: NA | M30: ERA | N30: Completed | O30: Not Required | P30: Pending | Q30: No | R30: Pending | S30: 46055 | U30: Pending | V30: Clearinghouse portal not updated | W30: rc48215 | X30: 46176 | Y30: Clearinghouse route or portal setup needs update before go-live. | Z30: =IF(tblEnrollment[[#This Row],[Approved Date]]="",DATE(2026,6,3)-tblEnrollment[[#This Row],[Submitted Date]],tblEnrollment[[#This Row],[Approved Date]]-tblEnrollment[[#This Row],[Submitted Date]]) -> 121 | AA30: =IF(tblEnrollment[[#This Row],[Current Status]] ="Ready","Completed",IF(Z30>21,"SLA Breached","Within SLA")) -> SLA Breached | AB30: =IF(tblEnrollment[[#This Row],[Credentialed NPI]] =tblEnrollment[[#This Row],[Enrolled NPI]],"NPI Match","NPI Mismatch") -> NPI Match | AC30: =IF(OR(tblEnrollment[[#This Row],[Blocker Reason]] ="Individual NPI used instead of Group NPI",tblEnrollment[[#This Row],[Blocker Reason]] ="Credentialed NPI mismatch",tblEnrollment[[#This Row],[Blocker Reason]] ="Incorrect PTAN/Provider number"),"Yes","No") -> No | AD30: =IF(OR(tblEnrollment[[#This Row],[Blocker Reason]] ="Wrong Payer ID",tblEnrollment[[#This Row],[Blocker Reason]] ="Old Payer ID used"),"Yes","No") -> No | AE30: =IF(OR(tblEnrollment[[#This Row],[Clearinghouse Portal Updated]]="No",tblEnrollment[[#This Row],[Blocker Reason]] ="Clearinghouse portal not updated"),"Yes","No") -> Yes | AF30: =IF(OR(tblEnrollment[[#This Row],[Blocker Reason]] ="Medicaid additional enrollment missing",tblEnrollment[Blocker Reason]="Medicaid requires additional enrollment after credentialing.",tblEnrollment[[#This Row],[Blocker Reason]] ="Incorrect PTAN/Provider number",tblEnrollment[[#This Row],[Blocker Reason]] ="Medicare additional enrollment missing"),"Yes","No") -> No | AG30: =IF(OR(tblEnrollment[[#This Row],[Enrollment Type]]="Claims",tblEnrollment[[#This Row],[Enrollment Type]]="Claims and ERA"),IF(AND(tblEnrollment[[#This Row],[Credentialing Status]]="Completed",tblEnrollment[[#This Row],[Claims Enrollment Status]]="Approved",tblEnrollment[[#This Row],[Clearinghouse Configuration Status]]="Completed",AB30="NPI Match"),"Ready","Not Ready"),"Not Applicable") -> Not Applicable | AH30: =IF(OR(tblEnrollment[[#This Row],[Enrollment Type]]="ERA",tblEnrollment[[#This Row],[Enrollment Type]]="Claims and ERA"),IF(AND(tblEnrollment[[#This Row],[Credentialing Status]]="Completed",tblEnrollment[[#This Row],[ERA Enrollment Status]]="Approved",tblEnrollment[[#This Row],[Clearinghouse Configuration Status]]="Completed",AB30="NPI Match"),"Ready","Not Ready"),"Not Applicable") -> Not Ready | AI30: =IF(tblEnrollment[[#This Row],[Blocker Reason]] ="No Blocker","No","Yes") -> Yes
A31: ENR-0030 | B31: Greenway Internal Medicine | C31: Dr. Samir Chen | D31: IND-NPI-1030 | E31: GRP-NPI-9033 | F31: GRP-NPI-9033 | G31: GRP-NPI-9033 | H31: SYN-TIN-037 | I31: Blue Cross | J31: BCBS01 | K31: Commercial | L31: NA | M31: Claims | N31: Completed | O31: Approved | P31: Not Required | Q31: No | R31: Pending | S31: 46054 | U31: Pending | V31: Clearinghouse portal not updated | W31: k19731 | X31: 46179 | Y31: Clearinghouse route or portal setup needs update before go-live. | Z31: =IF(tblEnrollment[[#This Row],[Approved Date]]="",DATE(2026,6,3)-tblEnrollment[[#This Row],[Submitted Date]],tblEnrollment[[#This Row],[Approved Date]]-tblEnrollment[[#This Row],[Submitted Date]]) -> 122 | AA31: =IF(tblEnrollment[[#This Row],[Current Status]] ="Ready","Completed",IF(Z31>21,"SLA Breached","Within SLA")) -> SLA Breached | AB31: =IF(tblEnrollment[[#This Row],[Credentialed NPI]] =tblEnrollment[[#This Row],[Enrolled NPI]],"NPI Match","NPI Mismatch") -> NPI Match | AC31: =IF(OR(tblEnrollment[[#This Row],[Blocker Reason]] ="Individual NPI used instead of Group NPI",tblEnrollment[[#This Row],[Blocker Reason]] ="Credentialed NPI mismatch",tblEnrollment[[#This Row],[Blocker Reason]] ="Incorrect PTAN/Provider number"),"Yes","No") -> No | AD31: =IF(OR(tblEnrollment[[#This Row],[Blocker Reason]] ="Wrong Payer ID",tblEnrollment[[#This Row],[Blocker Reason]] ="Old Payer ID used"),"Yes","No") -> No | AE31: =IF(OR(tblEnrollment[[#This Row],[Clearinghouse Portal Updated]]="No",tblEnrollment[[#This Row],[Blocker Reason]] ="Clearinghouse portal not updated"),"Yes","No") -> Yes | AF31: =IF(OR(tblEnrollment[[#This Row],[Blocker Reason]] ="Medicaid additional enrollment missing",tblEnrollment[Blocker Reason]="Medicaid requires additional enrollment after credentialing.",tblEnrollment[[#This Row],[Blocker Reason]] ="Incorrect PTAN/Provider number",tblEnrollment[[#This Row],[Blocker Reason]] ="Medicare additional enrollment missing"),"Yes","No") -> No | AG31: =IF(OR(tblEnrollment[[#This Row],[Enrollment Type]]="Claims",tblEnrollment[[#This Row],[Enrollment Type]]="Claims and ERA"),IF(AND(tblEnrollment[[#This Row],[Credentialing Status]]="Completed",tblEnrollment[[#This Row],[Claims Enrollment Status]]="Approved",tblEnrollment[[#This Row],[Clearinghouse Configuration Status]]="Completed",AB31="NPI Match"),"Ready","Not Ready"),"Not Applicable") -> Not Ready | AH31: =IF(OR(tblEnrollment[[#This Row],[Enrollment Type]]="ERA",tblEnrollment[[#This Row],[Enrollment Type]]="Claims and ERA"),IF(AND(tblEnrollment[[#This Row],[Credentialing Status]]="Completed",tblEnrollment[[#This Row],[ERA Enrollment Status]]="Approved",tblEnrollment[[#This Row],[Clearinghouse Configuration Status]]="Completed",AB31="NPI Match"),"Ready","Not Ready"),"Not Applicable") -> Not Applicable | AI31: =IF(tblEnrollment[[#This Row],[Blocker Reason]] ="No Blocker","No","Yes") -> Yes
A32: ENR-0031 | B32: BrightCare Cardiology | C32: Dr. Leah Das | D32: IND-NPI-1031 | E32: GRP-NPI-9035 | F32: GRP-NPI-9035 | G32: GRP-NPI-9035 | H32: SYN-TIN-039 | I32: Cigna | J32: CIG001 | K32: Commercial | L32: NA | M32: ERA | N32: Completed | O32: Not Required | P32: Pending | Q32: Yes | R32: In Progress | S32: 46172 | U32: Pending | V32: ERA setup not completed | W32: ew53009 | X32: 46176 | Y32: ERA enrollment or routing is not fully completed. | Z32: =IF(tblEnrollment[[#This Row],[Approved Date]]="",DATE(2026,6,3)-tblEnrollment[[#This Row],[Submitted Date]],tblEnrollment[[#This Row],[Approved Date]]-tblEnrollment[[#This Row],[Submitted Date]]) -> 4 | AA32: =IF(tblEnrollment[[#This Row],[Current Status]] ="Ready","Completed",IF(Z32>21,"SLA Breached","Within SLA")) -> Within SLA | AB32: =IF(tblEnrollment[[#This Row],[Credentialed NPI]] =tblEnrollment[[#This Row],[Enrolled NPI]],"NPI Match","NPI Mismatch") -> NPI Match | AC32: =IF(OR(tblEnrollment[[#This Row],[Blocker Reason]] ="Individual NPI used instead of Group NPI",tblEnrollment[[#This Row],[Blocker Reason]] ="Credentialed NPI mismatch",tblEnrollment[[#This Row],[Blocker Reason]] ="Incorrect PTAN/Provider number"),"Yes","No") -> No | AD32: =IF(OR(tblEnrollment[[#This Row],[Blocker Reason]] ="Wrong Payer ID",tblEnrollment[[#This Row],[Blocker Reason]] ="Old Payer ID used"),"Yes","No") -> No | AE32: =IF(OR(tblEnrollment[[#This Row],[Clearinghouse Portal Updated]]="No",tblEnrollment[[#This Row],[Blocker Reason]] ="Clearinghouse portal not updated"),"Yes","No") -> No | AF32: =IF(OR(tblEnrollment[[#This Row],[Blocker Reason]] ="Medicaid additional enrollment missing",tblEnrollment[Blocker Reason]="Medicaid requires additional enrollment after credentialing.",tblEnrollment[[#This Row],[Blocker Reason]] ="Incorrect PTAN/Provider number",tblEnrollment[[#This Row],[Blocker Reason]] ="Medicare additional enrollment missing"),"Yes","No") -> No | AG32: =IF(OR(tblEnrollment[[#This Row],[Enrollment Type]]="Claims",tblEnrollment[[#This Row],[Enrollment Type]]="Claims and ERA"),IF(AND(tblEnrollment[[#This Row],[Credentialing Status]]="Completed",tblEnrollment[[#This Row],[Claims Enrollment Status]]="Approved",tblEnrollment[[#This Row],[Clearinghouse Configuration Status]]="Completed",AB32="NPI Match"),"Ready","Not Ready"),"Not Applicable") -> Not Applicable | AH32: =IF(OR(tblEnrollment[[#This Row],[Enrollment Type]]="ERA",tblEnrollment[[#This Row],[Enrollment Type]]="Claims and ERA"),IF(AND(tblEnrollment[[#This Row],[Credentialing Status]]="Completed",tblEnrollment[[#This Row],[ERA Enrollment Status]]="Approved",tblEnrollment[[#This Row],[Clearinghouse Configuration Status]]="Completed",AB32="NPI Match"),"Ready","Not Ready"),"Not Applicable") -> Not Ready | AI32: =IF(tblEnrollment[[#This Row],[Blocker Reason]] ="No Blocker","No","Yes") -> Yes
A33: ENR-0032 | B33: Canyon Ridge Clinic | C33: Dr. Emily Nguyen | D33: IND-NPI-1032 | E33: GRP-NPI-9009 | F33: GRP-NPI-9009 | G33: GRP-NPI-9009 | H33: SYN-TIN-027 | I33: Blue Cross | J33: BCBS01 | K33: Commercial | L33: NA | M33: Claims | N33: Completed | O33: Approved | P33: Not Required | Q33: Yes | R33: Completed | S33: 46076 | T33: 46087 | U33: Ready | V33: No blocker | W33: ew53009 | X33: 46180 | Y33: Record is ready for expected transaction flow. | Z33: =IF(tblEnrollment[[#This Row],[Approved Date]]="",DATE(2026,6,3)-tblEnrollment[[#This Row],[Submitted Date]],tblEnrollment[[#This Row],[Approved Date]]-tblEnrollment[[#This Row],[Submitted Date]]) -> 11 | AA33: =IF(tblEnrollment[[#This Row],[Current Status]] ="Ready","Completed",IF(Z33>21,"SLA Breached","Within SLA")) -> Completed | AB33: =IF(tblEnrollment[[#This Row],[Credentialed NPI]] =tblEnrollment[[#This Row],[Enrolled NPI]],"NPI Match","NPI Mismatch") -> NPI Match | AC33: =IF(OR(tblEnrollment[[#This Row],[Blocker Reason]] ="Individual NPI used instead of Group NPI",tblEnrollment[[#This Row],[Blocker Reason]] ="Credentialed NPI mismatch",tblEnrollment[[#This Row],[Blocker Reason]] ="Incorrect PTAN/Provider number"),"Yes","No") -> No | AD33: =IF(OR(tblEnrollment[[#This Row],[Blocker Reason]] ="Wrong Payer ID",tblEnrollment[[#This Row],[Blocker Reason]] ="Old Payer ID used"),"Yes","No") -> No | AE33: =IF(OR(tblEnrollment[[#This Row],[Clearinghouse Portal Updated]]="No",tblEnrollment[[#This Row],[Blocker Reason]] ="Clearinghouse portal not updated"),"Yes","No") -> No | AF33: =IF(OR(tblEnrollment[[#This Row],[Blocker Reason]] ="Medicaid additional enrollment missing",tblEnrollment[Blocker Reason]="Medicaid requires additional enrollment after credentialing.",tblEnrollment[[#This Row],[Blocker Reason]] ="Incorrect PTAN/Provider number",tblEnrollment[[#This Row],[Blocker Reason]] ="Medicare additional enrollment missing"),"Yes","No") -> No | AG33: =IF(OR(tblEnrollment[[#This Row],[Enrollment Type]]="Claims",tblEnrollment[[#This Row],[Enrollment Type]]="Claims and ERA"),IF(AND(tblEnrollment[[#This Row],[Credentialing Status]]="Completed",tblEnrollment[[#This Row],[Claims Enrollment Status]]="Approved",tblEnrollment[[#This Row],[Clearinghouse Configuration Status]]="Completed",AB33="NPI Match"),"Ready","Not Ready"),"Not Applicable") -> Ready | AH33: =IF(OR(tblEnrollment[[#This Row],[Enrollment Type]]="ERA",tblEnrollment[[#This Row],[Enrollment Type]]="Claims and ERA"),IF(AND(tblEnrollment[[#This Row],[Credentialing Status]]="Completed",tblEnrollment[[#This Row],[ERA Enrollment Status]]="Approved",tblEnrollment[[#This Row],[Clearinghouse Configuration Status]]="Completed",AB33="NPI Match"),"Ready","Not Ready"),"Not Applicable") -> Not Applicable | AI33: =IF(tblEnrollment[[#This Row],[Blocker Reason]] ="No Blocker","No","Yes") -> No
A34: ENR-0033 | B34: Grand Oak Surgery Center | C34: Dr. Meera Chen | D34: IND-NPI-1033 | E34: GRP-NPI-9044 | F34: GRP-NPI-9044 | G34: IND-NPI-1033 | H34: SYN-TIN-055 | I34: Cigna | J34: CIG001 | K34: Commercial | L34: NA | M34: Claims and ERA | N34: Completed | O34: Rejected | P34: Rejected | Q34: Yes | R34: Issue Found | S34: 46101 | U34: Blocked | V34: Individual NPI used instead of group NPI | W34: nt92346 | X34: 46176 | Y34: Enrollment was submitted under individual NPI instead of group billing NPI. | Z34: =IF(tblEnrollment[[#This Row],[Approved Date]]="",DATE(2026,6,3)-tblEnrollment[[#This Row],[Submitted Date]],tblEnrollment[[#This Row],[Approved Date]]-tblEnrollment[[#This Row],[Submitted Date]]) -> 75 | AA34: =IF(tblEnrollment[[#This Row],[Current Status]] ="Ready","Completed",IF(Z34>21,"SLA Breached","Within SLA")) -> SLA Breached | AB34: =IF(tblEnrollment[[#This Row],[Credentialed NPI]] =tblEnrollment[[#This Row],[Enrolled NPI]],"NPI Match","NPI Mismatch") -> NPI Mismatch | AC34: =IF(OR(tblEnrollment[[#This Row],[Blocker Reason]] ="Individual NPI used instead of Group NPI",tblEnrollment[[#This Row],[Blocker Reason]] ="Credentialed NPI mismatch",tblEnrollment[[#This Row],[Blocker Reason]] ="Incorrect PTAN/Provider number"),"Yes","No") -> Yes | AD34: =IF(OR(tblEnrollment[[#This Row],[Blocker Reason]] ="Wrong Payer ID",tblEnrollment[[#This Row],[Blocker Reason]] ="Old Payer ID used"),"Yes","No") -> No | AE34: =IF(OR(tblEnrollment[[#This Row],[Clearinghouse Portal Updated]]="No",tblEnrollment[[#This Row],[Blocker Reason]] ="Clearinghouse portal not updated"),"Yes","No") -> No | AF34: =IF(OR(tblEnrollment[[#This Row],[Blocker Reason]] ="Medicaid additional enrollment missing",tblEnrollment[Blocker Reason]="Medicaid requires additional enrollment after credentialing.",tblEnrollment[[#This Row],[Blocker Reason]] ="Incorrect PTAN/Provider number",tblEnrollment[[#This Row],[Blocker Reason]] ="Medicare additional enrollment missing"),"Yes","No") -> No | AG34: =IF(OR(tblEnrollment[[#This Row],[Enrollment Type]]="Claims",tblEnrollment[[#This Row],[Enrollment Type]]="Claims and ERA"),IF(AND(tblEnrollment[[#This Row],[Credentialing Status]]="Completed",tblEnrollment[[#This Row],[Claims Enrollment Status]]="Approved",tblEnrollment[[#This Row],[Clearinghouse Configuration Status]]="Completed",AB34="NPI Match"),"Ready","Not Ready"),"Not Applicable") -> Not Ready | AH34: =IF(OR(tblEnrollment[[#This Row],[Enrollment Type]]="ERA",tblEnrollment[[#This Row],[Enrollment Type]]="Claims and ERA"),IF(AND(tblEnrollment[[#This Row],[Credentialing Status]]="Completed",tblEnrollment[[#This Row],[ERA Enrollment Status]]="Approved",tblEnrollment[[#This Row],[Clearinghouse Configuration Status]]="Completed",AB34="NPI Match"),"Ready","Not Ready"),"Not Applicable") -> Not Ready | AI34: =IF(tblEnrollment[[#This Row],[Blocker Reason]] ="No Blocker","No","Yes") -> Yes
A35: ENR-0034 | B35: Evergreen Urology | C35: Dr. Aditya Rao | D35: IND-NPI-1034 | E35: GRP-NPI-9001 | F35: GRP-NPI-9001 | G35: GRP-NPI-9001 | H35: SYN-TIN-055 | I35: Blue Cross | J35: BCBS01 | K35: Commercial | L35: NA | M35: Claims and ERA | N35: Completed | O35: Rejected | P35: Rejected | Q35: Yes | R35: Issue Found | S35: 46104 | U35: Blocked | V35: Incorrect PTAN/provider number | W35: rc48215 | X35: 46178 | Y35: PTAN or government payer provider number needs correction. | Z35: =IF(tblEnrollment[[#This Row],[Approved Date]]="",DATE(2026,6,3)-tblEnrollment[[#This Row],[Submitted Date]],tblEnrollment[[#This Row],[Approved Date]]-tblEnrollment[[#This Row],[Submitted Date]]) -> 72 | AA35: =IF(tblEnrollment[[#This Row],[Current Status]] ="Ready","Completed",IF(Z35>21,"SLA Breached","Within SLA")) -> SLA Breached | AB35: =IF(tblEnrollment[[#This Row],[Credentialed NPI]] =tblEnrollment[[#This Row],[Enrolled NPI]],"NPI Match","NPI Mismatch") -> NPI Match | AC35: =IF(OR(tblEnrollment[[#This Row],[Blocker Reason]] ="Individual NPI used instead of Group NPI",tblEnrollment[[#This Row],[Blocker Reason]] ="Credentialed NPI mismatch",tblEnrollment[[#This Row],[Blocker Reason]] ="Incorrect PTAN/Provider number"),"Yes","No") -> Yes | AD35: =IF(OR(tblEnrollment[[#This Row],[Blocker Reason]] ="Wrong Payer ID",tblEnrollment[[#This Row],[Blocker Reason]] ="Old Payer ID used"),"Yes","No") -> No | AE35: =IF(OR(tblEnrollment[[#This Row],[Clearinghouse Portal Updated]]="No",tblEnrollment[[#This Row],[Blocker Reason]] ="Clearinghouse portal not updated"),"Yes","No") -> No | AF35: =IF(OR(tblEnrollment[[#This Row],[Blocker Reason]] ="Medicaid additional enrollment missing",tblEnrollment[Blocker Reason]="Medicaid requires additional enrollment after credentialing.",tblEnrollment[[#This Row],[Blocker Reason]] ="Incorrect PTAN/Provider number",tblEnrollment[[#This Row],[Blocker Reason]] ="Medicare additional enrollment missing"),"Yes","No") -> Yes | AG35: =IF(OR(tblEnrollment[[#This Row],[Enrollment Type]]="Claims",tblEnrollment[[#This Row],[Enrollment Type]]="Claims and ERA"),IF(AND(tblEnrollment[[#This Row],[Credentialing Status]]="Completed",tblEnrollment[[#This Row],[Claims Enrollment Status]]="Approved",tblEnrollment[[#This Row],[Clearinghouse Configuration Status]]="Completed",AB35="NPI Match"),"Ready","Not Ready"),"Not Applicable") -> Not Ready | AH35: =IF(OR(tblEnrollment[[#This Row],[Enrollment Type]]="ERA",tblEnrollment[[#This Row],[Enrollment Type]]="Claims and ERA"),IF(AND(tblEnrollment[[#This Row],[Credentialing Status]]="Completed",tblEnrollment[[#This Row],[ERA Enrollment Status]]="Approved",tblEnrollment[[#This Row],[Clearinghouse Configuration Status]]="Completed",AB35="NPI Match"),"Ready","Not Ready"),"Not Applicable") -> Not Ready | AI35: =IF(tblEnrollment[[#This Row],[Blocker Reason]] ="No Blocker","No","Yes") -> Yes
A36: ENR-0035 | B36: Sunrise Family Medicine | C36: Dr. Asha Shah | D36: IND-NPI-1035 | E36: GRP-NPI-9005 | F36: GRP-NPI-9005 | G36: GRP-NPI-9124 | H36: SYN-TIN-006 | I36: Cigna | J36: CIG001 | K36: Commercial | L36: NA | M36: Claims and ERA | N36: Completed | O36: Rejected | P36: Rejected | Q36: Yes | R36: Issue Found | S36: 46074 | U36: Blocked | V36: Credentialed NPI mismatch | W36: nt00234 | X36: 46182 | Y36: Enrolled NPI does not match the payer-credentialed NPI. | Z36: =IF(tblEnrollment[[#This Row],[Approved Date]]="",DATE(2026,6,3)-tblEnrollment[[#This Row],[Submitted Date]],tblEnrollment[[#This Row],[Approved Date]]-tblEnrollment[[#This Row],[Submitted Date]]) -> 102 | AA36: =IF(tblEnrollment[[#This Row],[Current Status]] ="Ready","Completed",IF(Z36>21,"SLA Breached","Within SLA")) -> SLA Breached | AB36: =IF(tblEnrollment[[#This Row],[Credentialed NPI]] =tblEnrollment[[#This Row],[Enrolled NPI]],"NPI Match","NPI Mismatch") -> NPI Mismatch | AC36: =IF(OR(tblEnrollment[[#This Row],[Blocker Reason]] ="Individual NPI used instead of Group NPI",tblEnrollment[[#This Row],[Blocker Reason]] ="Credentialed NPI mismatch",tblEnrollment[[#This Row],[Blocker Reason]] ="Incorrect PTAN/Provider number"),"Yes","No") -> Yes | AD36: =IF(OR(tblEnrollment[[#This Row],[Blocker Reason]] ="Wrong Payer ID",tblEnrollment[[#This Row],[Blocker Reason]] ="Old Payer ID used"),"Yes","No") -> No | AE36: =IF(OR(tblEnrollment[[#This Row],[Clearinghouse Portal Updated]]="No",tblEnrollment[[#This Row],[Blocker Reason]] ="Clearinghouse portal not updated"),"Yes","No") -> No | AF36: =IF(OR(tblEnrollment[[#This Row],[Blocker Reason]] ="Medicaid additional enrollment missing",tblEnrollment[Blocker Reason]="Medicaid requires additional enrollment after credentialing.",tblEnrollment[[#This Row],[Blocker Reason]] ="Incorrect PTAN/Provider number",tblEnrollment[[#This Row],[Blocker Reason]] ="Medicare additional enrollment missing"),"Yes","No") -> No | AG36: =IF(OR(tblEnrollment[[#This Row],[Enrollment Type]]="Claims",tblEnrollment[[#This Row],[Enrollment Type]]="Claims and ERA"),IF(AND(tblEnrollment[[#This Row],[Credentialing Status]]="Completed",tblEnrollment[[#This Row],[Claims Enrollment Status]]="Approved",tblEnrollment[[#This Row],[Clearinghouse Configuration Status]]="Completed",AB36="NPI Match"),"Ready","Not Ready"),"Not Applicable") -> Not Ready | AH36: =IF(OR(tblEnrollment[[#This Row],[Enrollment Type]]="ERA",tblEnrollment[[#This Row],[Enrollment Type]]="Claims and ERA"),IF(AND(tblEnrollment[[#This Row],[Credentialing Status]]="Completed",tblEnrollment[[#This Row],[ERA Enrollment Status]]="Approved",tblEnrollment[[#This Row],[Clearinghouse Configuration Status]]="Completed",AB36="NPI Match"),"Ready","Not Ready"),"Not Applicable") -> Not Ready | AI36: =IF(tblEnrollment[[#This Row],[Blocker Reason]] ="No Blocker","No","Yes") -> Yes
A37: ENR-0036 | B37: Summit Eye Care | C37: Dr. Elena Nguyen | D37: IND-NPI-1036 | E37: GRP-NPI-9003 | F37: GRP-NPI-9003 | G37: GRP-NPI-9003 | H37: SYN-TIN-020 | I37: Blue Cross | J37: BCBS01 | K37: Commercial | L37: NA | M37: Claims | N37: Completed | O37: Approved | P37: Not Required | Q37: Yes | R37: Completed | S37: 46063 | T37: 46075 | U37: Ready | V37: No blocker | W37: rc48215 | X37: 46184 | Y37: Record is ready for expected transaction flow. | Z37: =IF(tblEnrollment[[#This Row],[Approved Date]]="",DATE(2026,6,3)-tblEnrollment[[#This Row],[Submitted Date]],tblEnrollment[[#This Row],[Approved Date]]-tblEnrollment[[#This Row],[Submitted Date]]) -> 12 | AA37: =IF(tblEnrollment[[#This Row],[Current Status]] ="Ready","Completed",IF(Z37>21,"SLA Breached","Within SLA")) -> Completed | AB37: =IF(tblEnrollment[[#This Row],[Credentialed NPI]] =tblEnrollment[[#This Row],[Enrolled NPI]],"NPI Match","NPI Mismatch") -> NPI Match | AC37: =IF(OR(tblEnrollment[[#This Row],[Blocker Reason]] ="Individual NPI used instead of Group NPI",tblEnrollment[[#This Row],[Blocker Reason]] ="Credentialed NPI mismatch",tblEnrollment[[#This Row],[Blocker Reason]] ="Incorrect PTAN/Provider number"),"Yes","No") -> No | AD37: =IF(OR(tblEnrollment[[#This Row],[Blocker Reason]] ="Wrong Payer ID",tblEnrollment[[#This Row],[Blocker Reason]] ="Old Payer ID used"),"Yes","No") -> No | AE37: =IF(OR(tblEnrollment[[#This Row],[Clearinghouse Portal Updated]]="No",tblEnrollment[[#This Row],[Blocker Reason]] ="Clearinghouse portal not updated"),"Yes","No") -> No | AF37: =IF(OR(tblEnrollment[[#This Row],[Blocker Reason]] ="Medicaid additional enrollment missing",tblEnrollment[Blocker Reason]="Medicaid requires additional enrollment after credentialing.",tblEnrollment[[#This Row],[Blocker Reason]] ="Incorrect PTAN/Provider number",tblEnrollment[[#This Row],[Blocker Reason]] ="Medicare additional enrollment missing"),"Yes","No") -> No | AG37: =IF(OR(tblEnrollment[[#This Row],[Enrollment Type]]="Claims",tblEnrollment[[#This Row],[Enrollment Type]]="Claims and ERA"),IF(AND(tblEnrollment[[#This Row],[Credentialing Status]]="Completed",tblEnrollment[[#This Row],[Claims Enrollment Status]]="Approved",tblEnrollment[[#This Row],[Clearinghouse Configuration Status]]="Completed",AB37="NPI Match"),"Ready","Not Ready"),"Not Applicable") -> Ready | AH37: =IF(OR(tblEnrollment[[#This Row],[Enrollment Type]]="ERA",tblEnrollment[[#This Row],[Enrollment Type]]="Claims and ERA"),IF(AND(tblEnrollment[[#This Row],[Credentialing Status]]="Completed",tblEnrollment[[#This Row],[ERA Enrollment Status]]="Approved",tblEnrollment[[#This Row],[Clearinghouse Configuration Status]]="Completed",AB37="NPI Match"),"Ready","Not Ready"),"Not Applicable") -> Not Applicable | AI37: =IF(tblEnrollment[[#This Row],[Blocker Reason]] ="No Blocker","No","Yes") -> No
A38: ENR-0037 | B38: Canyon Ridge Clinic | C38: Dr. Sanjay Carter | D38: IND-NPI-1037 | E38: GRP-NPI-9011 | F38: GRP-NPI-9011 | G38: GRP-NPI-9011 | H38: SYN-TIN-053 | I38: Humana | J38: HUM001 | K38: Commercial | L38: NA | M38: Claims and ERA | N38: Completed | O38: Pending | P38: Pending | Q38: Yes | R38: In Progress | S38: 46043 | U38: Pending | V38: Missing payer approval | W38: k19731 | X38: 46178 | Y38: Waiting on payer approval or payer response. | Z38: =IF(tblEnrollment[[#This Row],[Approved Date]]="",DATE(2026,6,3)-tblEnrollment[[#This Row],[Submitted Date]],tblEnrollment[[#This Row],[Approved Date]]-tblEnrollment[[#This Row],[Submitted Date]]) -> 133 | AA38: =IF(tblEnrollment[[#This Row],[Current Status]] ="Ready","Completed",IF(Z38>21,"SLA Breached","Within SLA")) -> SLA Breached | AB38: =IF(tblEnrollment[[#This Row],[Credentialed NPI]] =tblEnrollment[[#This Row],[Enrolled NPI]],"NPI Match","NPI Mismatch") -> NPI Match | AC38: =IF(OR(tblEnrollment[[#This Row],[Blocker Reason]] ="Individual NPI used instead of Group NPI",tblEnrollment[[#This Row],[Blocker Reason]] ="Credentialed NPI mismatch",tblEnrollment[[#This Row],[Blocker Reason]] ="Incorrect PTAN/Provider number"),"Yes","No") -> No | AD38: =IF(OR(tblEnrollment[[#This Row],[Blocker Reason]] ="Wrong Payer ID",tblEnrollment[[#This Row],[Blocker Reason]] ="Old Payer ID used"),"Yes","No") -> No | AE38: =IF(OR(tblEnrollment[[#This Row],[Clearinghouse Portal Updated]]="No",tblEnrollment[[#This Row],[Blocker Reason]] ="Clearinghouse portal not updated"),"Yes","No") -> No | AF38: =IF(OR(tblEnrollment[[#This Row],[Blocker Reason]] ="Medicaid additional enrollment missing",tblEnrollment[Blocker Reason]="Medicaid requires additional enrollment after credentialing.",tblEnrollment[[#This Row],[Blocker Reason]] ="Incorrect PTAN/Provider number",tblEnrollment[[#This Row],[Blocker Reason]] ="Medicare additional enrollment missing"),"Yes","No") -> No | AG38: =IF(OR(tblEnrollment[[#This Row],[Enrollment Type]]="Claims",tblEnrollment[[#This Row],[Enrollment Type]]="Claims and ERA"),IF(AND(tblEnrollment[[#This Row],[Credentialing Status]]="Completed",tblEnrollment[[#This Row],[Claims Enrollment Status]]="Approved",tblEnrollment[[#This Row],[Clearinghouse Configuration Status]]="Completed",AB38="NPI Match"),"Ready","Not Ready"),"Not Applicable") -> Not Ready | AH38: =IF(OR(tblEnrollment[[#This Row],[Enrollment Type]]="ERA",tblEnrollment[[#This Row],[Enrollment Type]]="Claims and ERA"),IF(AND(tblEnrollment[[#This Row],[Credentialing Status]]="Completed",tblEnrollment[[#This Row],[ERA Enrollment Status]]="Approved",tblEnrollment[[#This Row],[Clearinghouse Configuration Status]]="Completed",AB38="NPI Match"),"Ready","Not Ready"),"Not Applicable") -> Not Ready | AI38: =IF(tblEnrollment[[#This Row],[Blocker Reason]] ="No Blocker","No","Yes") -> Yes
A39: ENR-0038 | B39: Liberty Primary Care | C39: Dr. Sanjay Khan | D39: IND-NPI-1038 | E39: GRP-NPI-9011 | F39: GRP-NPI-9011 | G39: GRP-NPI-9011 | H39: SYN-TIN-026 | I39: Humana | J39: HUM001 | K39: Commercial | L39: NA | M39: Claims and ERA | N39: Completed | O39: Approved | P39: Pending | Q39: No | R39: Pending | S39: 46046 | U39: Pending | V39: Clearinghouse portal not updated | W39: nt00234 | X39: 46183 | Y39: Clearinghouse route or portal setup needs update before go-live. | Z39: =IF(tblEnrollment[[#This Row],[Approved Date]]="",DATE(2026,6,3)-tblEnrollment[[#This Row],[Submitted Date]],tblEnrollment[[#This Row],[Approved Date]]-tblEnrollment[[#This Row],[Submitted Date]]) -> 130 | AA39: =IF(tblEnrollment[[#This Row],[Current Status]] ="Ready","Completed",IF(Z39>21,"SLA Breached","Within SLA")) -> SLA Breached | AB39: =IF(tblEnrollment[[#This Row],[Credentialed NPI]] =tblEnrollment[[#This Row],[Enrolled NPI]],"NPI Match","NPI Mismatch") -> NPI Match | AC39: =IF(OR(tblEnrollment[[#This Row],[Blocker Reason]] ="Individual NPI used instead of Group NPI",tblEnrollment[[#This Row],[Blocker Reason]] ="Credentialed NPI mismatch",tblEnrollment[[#This Row],[Blocker Reason]] ="Incorrect PTAN/Provider number"),"Yes","No") -> No | AD39: =IF(OR(tblEnrollment[[#This Row],[Blocker Reason]] ="Wrong Payer ID",tblEnrollment[[#This Row],[Blocker Reason]] ="Old Payer ID used"),"Yes","No") -> No | AE39: =IF(OR(tblEnrollment[[#This Row],[Clearinghouse Portal Updated]]="No",tblEnrollment[[#This Row],[Blocker Reason]] ="Clearinghouse portal not updated"),"Yes","No") -> Yes | AF39: =IF(OR(tblEnrollment[[#This Row],[Blocker Reason]] ="Medicaid additional enrollment missing",tblEnrollment[Blocker Reason]="Medicaid requires additional enrollment after credentialing.",tblEnrollment[[#This Row],[Blocker Reason]] ="Incorrect PTAN/Provider number",tblEnrollment[[#This Row],[Blocker Reason]] ="Medicare additional enrollment missing"),"Yes","No") -> No | AG39: =IF(OR(tblEnrollment[[#This Row],[Enrollment Type]]="Claims",tblEnrollment[[#This Row],[Enrollment Type]]="Claims and ERA"),IF(AND(tblEnrollment[[#This Row],[Credentialing Status]]="Completed",tblEnrollment[[#This Row],[Claims Enrollment Status]]="Approved",tblEnrollment[[#This Row],[Clearinghouse Configuration Status]]="Completed",AB39="NPI Match"),"Ready","Not Ready"),"Not Applicable") -> Not Ready | AH39: =IF(OR(tblEnrollment[[#This Row],[Enrollment Type]]="ERA",tblEnrollment[[#This Row],[Enrollment Type]]="Claims and ERA"),IF(AND(tblEnrollment[[#This Row],[Credentialing Status]]="Completed",tblEnrollment[[#This Row],[ERA Enrollment Status]]="Approved",tblEnrollment[[#This Row],[Clearinghouse Configuration Status]]="Completed",AB39="NPI Match"),"Ready","Not Ready"),"Not Applicable") -> Not Ready | AI39: =IF(tblEnrollment[[#This Row],[Blocker Reason]] ="No Blocker","No","Yes") -> Yes
A40: ENR-0039 | B40: Evergreen Urology | C40: Dr. Aria Gray | D40: IND-NPI-1039 | E40: GRP-NPI-9020 | F40: GRP-NPI-9020 | G40: GRP-NPI-9020 | H40: SYN-TIN-043 | I40: Humana | J40: HUM001 | K40: Commercial | L40: NA | M40: Claims and ERA | N40: Completed | O40: Approved | P40: Approved | Q40: Yes | R40: Completed | S40: 46043 | T40: 46060 | U40: Ready | V40: No blocker | W40: rc48215 | X40: 46179 | Y40: Record is ready for expected transaction flow. | Z40: =IF(tblEnrollment[[#This Row],[Approved Date]]="",DATE(2026,6,3)-tblEnrollment[[#This Row],[Submitted Date]],tblEnrollment[[#This Row],[Approved Date]]-tblEnrollment[[#This Row],[Submitted Date]]) -> 17 | AA40: =IF(tblEnrollment[[#This Row],[Current Status]] ="Ready","Completed",IF(Z40>21,"SLA Breached","Within SLA")) -> Completed | AB40: =IF(tblEnrollment[[#This Row],[Credentialed NPI]] =tblEnrollment[[#This Row],[Enrolled NPI]],"NPI Match","NPI Mismatch") -> NPI Match | AC40: =IF(OR(tblEnrollment[[#This Row],[Blocker Reason]] ="Individual NPI used instead of Group NPI",tblEnrollment[[#This Row],[Blocker Reason]] ="Credentialed NPI mismatch",tblEnrollment[[#This Row],[Blocker Reason]] ="Incorrect PTAN/Provider number"),"Yes","No") -> No | AD40: =IF(OR(tblEnrollment[[#This Row],[Blocker Reason]] ="Wrong Payer ID",tblEnrollment[[#This Row],[Blocker Reason]] ="Old Payer ID used"),"Yes","No") -> No | AE40: =IF(OR(tblEnrollment[[#This Row],[Clearinghouse Portal Updated]]="No",tblEnrollment[[#This Row],[Blocker Reason]] ="Clearinghouse portal not updated"),"Yes","No") -> No | AF40: =IF(OR(tblEnrollment[[#This Row],[Blocker Reason]] ="Medicaid additional enrollment missing",tblEnrollment[Blocker Reason]="Medicaid requires additional enrollment after credentialing.",tblEnrollment[[#This Row],[Blocker Reason]] ="Incorrect PTAN/Provider number",tblEnrollment[[#This Row],[Blocker Reason]] ="Medicare additional enrollment missing"),"Yes","No") -> No | AG40: =IF(OR(tblEnrollment[[#This Row],[Enrollment Type]]="Claims",tblEnrollment[[#This Row],[Enrollment Type]]="Claims and ERA"),IF(AND(tblEnrollment[[#This Row],[Credentialing Status]]="Completed",tblEnrollment[[#This Row],[Claims Enrollment Status]]="Approved",tblEnrollment[[#This Row],[Clearinghouse Configuration Status]]="Completed",AB40="NPI Match"),"Ready","Not Ready"),"Not Applicable") -> Ready | AH40: =IF(OR(tblEnrollment[[#This Row],[Enrollment Type]]="ERA",tblEnrollment[[#This Row],[Enrollment Type]]="Claims and ERA"),IF(AND(tblEnrollment[[#This Row],[Credentialing Status]]="Completed",tblEnrollment[[#This Row],[ERA Enrollment Status]]="Approved",tblEnrollment[[#This Row],[Clearinghouse Configuration Status]]="Completed",AB40="NPI Match"),"Ready","Not Ready"),"Not Applicable") -> Ready | AI40: =IF(tblEnrollment[[#This Row],[Blocker Reason]] ="No Blocker","No","Yes") -> No
A41: ENR-0040 | B41: Westbrook Dermatology | C41: Dr. Mark Singh | D41: IND-NPI-1040 | E41: GRP-NPI-9018 | F41: GRP-NPI-9018 | G41: GRP-NPI-9018 | H41: SYN-TIN-015 | I41: Blue Cross | J41: BCBS01 | K41: Commercial | L41: NA | M41: Claims and ERA | N41: Completed | O41: Approved | P41: Pending | Q41: No | R41: Pending | S41: 46174 | U41: Pending | V41: Clearinghouse portal not updated | W41: nt92346 | X41: 46181 | Y41: Clearinghouse route or portal setup needs update before go-live. | Z41: =IF(tblEnrollment[[#This Row],[Approved Date]]="",DATE(2026,6,3)-tblEnrollment[[#This Row],[Submitted Date]],tblEnrollment[[#This Row],[Approved Date]]-tblEnrollment[[#This Row],[Submitted Date]]) -> 2 | AA41: =IF(tblEnrollment[[#This Row],[Current Status]] ="Ready","Completed",IF(Z41>21,"SLA Breached","Within SLA")) -> Within SLA | AB41: =IF(tblEnrollment[[#This Row],[Credentialed NPI]] =tblEnrollment[[#This Row],[Enrolled NPI]],"NPI Match","NPI Mismatch") -> NPI Match | AC41: =IF(OR(tblEnrollment[[#This Row],[Blocker Reason]] ="Individual NPI used instead of Group NPI",tblEnrollment[[#This Row],[Blocker Reason]] ="Credentialed NPI mismatch",tblEnrollment[[#This Row],[Blocker Reason]] ="Incorrect PTAN/Provider number"),"Yes","No") -> No | AD41: =IF(OR(tblEnrollment[[#This Row],[Blocker Reason]] ="Wrong Payer ID",tblEnrollment[[#This Row],[Blocker Reason]] ="Old Payer ID used"),"Yes","No") -> No | AE41: =IF(OR(tblEnrollment[[#This Row],[Clearinghouse Portal Updated]]="No",tblEnrollment[[#This Row],[Blocker Reason]] ="Clearinghouse portal not updated"),"Yes","No") -> Yes | AF41: =IF(OR(tblEnrollment[[#This Row],[Blocker Reason]] ="Medicaid additional enrollment missing",tblEnrollment[Blocker Reason]="Medicaid requires additional enrollment after credentialing.",tblEnrollment[[#This Row],[Blocker Reason]] ="Incorrect PTAN/Provider number",tblEnrollment[[#This Row],[Blocker Reason]] ="Medicare additional enrollment missing"),"Yes","No") -> No | AG41: =IF(OR(tblEnrollment[[#This Row],[Enrollment Type]]="Claims",tblEnrollment[[#This Row],[Enrollment Type]]="Claims and ERA"),IF(AND(tblEnrollment[[#This Row],[Credentialing Status]]="Completed",tblEnrollment[[#This Row],[Claims Enrollment Status]]="Approved",tblEnrollment[[#This Row],[Clearinghouse Configuration Status]]="Completed",AB41="NPI Match"),"Ready","Not Ready"),"Not Applicable") -> Not Ready | AH41: =IF(OR(tblEnrollment[[#This Row],[Enrollment Type]]="ERA",tblEnrollment[[#This Row],[Enrollment Type]]="Claims and ERA"),IF(AND(tblEnrollment[[#This Row],[Credentialing Status]]="Completed",tblEnrollment[[#This Row],[ERA Enrollment Status]]="Approved",tblEnrollment[[#This Row],[Clearinghouse Configuration Status]]="Completed",AB41="NPI Match"),"Ready","Not Ready"),"Not Applicable") -> Not Ready | AI41: =IF(tblEnrollment[[#This Row],[Blocker Reason]] ="No Blocker","No","Yes") -> Yes
A42: ENR-0041 | B42: Stonebridge Family Medicine | C42: Dr. Hannah Nair | D42: IND-NPI-1041 | E42: GRP-NPI-9038 | F42: GRP-NPI-9038 | G42: GRP-NPI-9123 | H42: SYN-TIN-015 | I42: Blue Cross | J42: BCBS01 | K42: Commercial | L42: NA | M42: Claims | N42: Completed | O42: Rejected | P42: Not Required | Q42: Yes | R42: Issue Found | S42: 46117 | U42: Blocked | V42: Credentialed NPI mismatch | W42: ew53009 | X42: 46182 | Y42: Enrolled NPI does not match the payer-credentialed NPI. | Z42: =IF(tblEnrollment[[#This Row],[Approved Date]]="",DATE(2026,6,3)-tblEnrollment[[#This Row],[Submitted Date]],tblEnrollment[[#This Row],[Approved Date]]-tblEnrollment[[#This Row],[Submitted Date]]) -> 59 | AA42: =IF(tblEnrollment[[#This Row],[Current Status]] ="Ready","Completed",IF(Z42>21,"SLA Breached","Within SLA")) -> SLA Breached | AB42: =IF(tblEnrollment[[#This Row],[Credentialed NPI]] =tblEnrollment[[#This Row],[Enrolled NPI]],"NPI Match","NPI Mismatch") -> NPI Mismatch | AC42: =IF(OR(tblEnrollment[[#This Row],[Blocker Reason]] ="Individual NPI used instead of Group NPI",tblEnrollment[[#This Row],[Blocker Reason]] ="Credentialed NPI mismatch",tblEnrollment[[#This Row],[Blocker Reason]] ="Incorrect PTAN/Provider number"),"Yes","No") -> Yes | AD42: =IF(OR(tblEnrollment[[#This Row],[Blocker Reason]] ="Wrong Payer ID",tblEnrollment[[#This Row],[Blocker Reason]] ="Old Payer ID used"),"Yes","No") -> No | AE42: =IF(OR(tblEnrollment[[#This Row],[Clearinghouse Portal Updated]]="No",tblEnrollment[[#This Row],[Blocker Reason]] ="Clearinghouse portal not updated"),"Yes","No") -> No | AF42: =IF(OR(tblEnrollment[[#This Row],[Blocker Reason]] ="Medicaid additional enrollment missing",tblEnrollment[Blocker Reason]="Medicaid requires additional enrollment after credentialing.",tblEnrollment[[#This Row],[Blocker Reason]] ="Incorrect PTAN/Provider number",tblEnrollment[[#This Row],[Blocker Reason]] ="Medicare additional enrollment missing"),"Yes","No") -> No | AG42: =IF(OR(tblEnrollment[[#This Row],[Enrollment Type]]="Claims",tblEnrollment[[#This Row],[Enrollment Type]]="Claims and ERA"),IF(AND(tblEnrollment[[#This Row],[Credentialing Status]]="Completed",tblEnrollment[[#This Row],[Claims Enrollment Status]]="Approved",tblEnrollment[[#This Row],[Clearinghouse Configuration Status]]="Completed",AB42="NPI Match"),"Ready","Not Ready"),"Not Applicable") -> Not Ready | AH42: =IF(OR(tblEnrollment[[#This Row],[Enrollment Type]]="ERA",tblEnrollment[[#This Row],[Enrollment Type]]="Claims and ERA"),IF(AND(tblEnrollment[[#This Row],[Credentialing Status]]="Completed",tblEnrollment[[#This Row],[ERA Enrollment Status]]="Approved",tblEnrollment[[#This Row],[Clearinghouse Configuration Status]]="Completed",AB42="NPI Match"),"Ready","Not Ready"),"Not Applicable") -> Not Applicable | AI42: =IF(tblEnrollment[[#This Row],[Blocker Reason]] ="No Blocker","No","Yes") -> Yes
A43: ENR-0042 | B43: Maple Leaf Urgent Care | C43: Dr. Elias Chen | D43: IND-NPI-1042 | E43: GRP-NPI-9017 | F43: GRP-NPI-9017 | G43: GRP-NPI-9017 | H43: SYN-TIN-047 | I43: Medicare | J43: MED001 | K43: Government | L43: PTAN-0042 | M43: Claims and ERA | N43: Completed | O43: Approved | P43: Approved | Q43: Yes | R43: Completed | S43: 46174 | T43: 46173 | U43: Ready | V43: No blocker | W43: nt00234 | X43: 46187 | Y43: Record is ready for expected transaction flow. | Z43: =IF(tblEnrollment[[#This Row],[Approved Date]]="",DATE(2026,6,3)-tblEnrollment[[#This Row],[Submitted Date]],tblEnrollment[[#This Row],[Approved Date]]-tblEnrollment[[#This Row],[Submitted Date]]) -> -1 | AA43: =IF(tblEnrollment[[#This Row],[Current Status]] ="Ready","Completed",IF(Z43>21,"SLA Breached","Within SLA")) -> Completed | AB43: =IF(tblEnrollment[[#This Row],[Credentialed NPI]] =tblEnrollment[[#This Row],[Enrolled NPI]],"NPI Match","NPI Mismatch") -> NPI Match | AC43: =IF(OR(tblEnrollment[[#This Row],[Blocker Reason]] ="Individual NPI used instead of Group NPI",tblEnrollment[[#This Row],[Blocker Reason]] ="Credentialed NPI mismatch",tblEnrollment[[#This Row],[Blocker Reason]] ="Incorrect PTAN/Provider number"),"Yes","No") -> No | AD43: =IF(OR(tblEnrollment[[#This Row],[Blocker Reason]] ="Wrong Payer ID",tblEnrollment[[#This Row],[Blocker Reason]] ="Old Payer ID used"),"Yes","No") -> No | AE43: =IF(OR(tblEnrollment[[#This Row],[Clearinghouse Portal Updated]]="No",tblEnrollment[[#This Row],[Blocker Reason]] ="Clearinghouse portal not updated"),"Yes","No") -> No | AF43: =IF(OR(tblEnrollment[[#This Row],[Blocker Reason]] ="Medicaid additional enrollment missing",tblEnrollment[Blocker Reason]="Medicaid requires additional enrollment after credentialing.",tblEnrollment[[#This Row],[Blocker Reason]] ="Incorrect PTAN/Provider number",tblEnrollment[[#This Row],[Blocker Reason]] ="Medicare additional enrollment missing"),"Yes","No") -> No | AG43: =IF(OR(tblEnrollment[[#This Row],[Enrollment Type]]="Claims",tblEnrollment[[#This Row],[Enrollment Type]]="Claims and ERA"),IF(AND(tblEnrollment[[#This Row],[Credentialing Status]]="Completed",tblEnrollment[[#This Row],[Claims Enrollment Status]]="Approved",tblEnrollment[[#This Row],[Clearinghouse Configuration Status]]="Completed",AB43="NPI Match"),"Ready","Not Ready"),"Not Applicable") -> Ready | AH43: =IF(OR(tblEnrollment[[#This Row],[Enrollment Type]]="ERA",tblEnrollment[[#This Row],[Enrollment Type]]="Claims and ERA"),IF(AND(tblEnrollment[[#This Row],[Credentialing Status]]="Completed",tblEnrollment[[#This Row],[ERA Enrollment Status]]="Approved",tblEnrollment[[#This Row],[Clearinghouse Configuration Status]]="Completed",AB43="NPI Match"),"Ready","Not Ready"),"Not Applicable") -> Ready | AI43: =IF(tblEnrollment[[#This Row],[Blocker Reason]] ="No Blocker","No","Yes") -> No
A44: ENR-0043 | B44: Southview Endocrinology | C44: Dr. Mark Joshi | D44: IND-NPI-1043 | E44: GRP-NPI-9022 | F44: GRP-NPI-9022 | G44: GRP-NPI-9022 | H44: SYN-TIN-042 | I44: United Healthcare | J44: WRONG-UHC | K44: Commercial | L44: NA | M44: ERA | N44: Completed | O44: Not Required | P44: Rejected | Q44: Yes | R44: Issue Found | S44: 46166 | U44: Blocked | V44: Old payer ID used | W44: rc48215 | X44: 46180 | Y44: Outdated payer ID needs to be replaced with current payer ID. | Z44: =IF(tblEnrollment[[#This Row],[Approved Date]]="",DATE(2026,6,3)-tblEnrollment[[#This Row],[Submitted Date]],tblEnrollment[[#This Row],[Approved Date]]-tblEnrollment[[#This Row],[Submitted Date]]) -> 10 | AA44: =IF(tblEnrollment[[#This Row],[Current Status]] ="Ready","Completed",IF(Z44>21,"SLA Breached","Within SLA")) -> Within SLA | AB44: =IF(tblEnrollment[[#This Row],[Credentialed NPI]] =tblEnrollment[[#This Row],[Enrolled NPI]],"NPI Match","NPI Mismatch") -> NPI Match | AC44: =IF(OR(tblEnrollment[[#This Row],[Blocker Reason]] ="Individual NPI used instead of Group NPI",tblEnrollment[[#This Row],[Blocker Reason]] ="Credentialed NPI mismatch",tblEnrollment[[#This Row],[Blocker Reason]] ="Incorrect PTAN/Provider number"),"Yes","No") -> No | AD44: =IF(OR(tblEnrollment[[#This Row],[Blocker Reason]] ="Wrong Payer ID",tblEnrollment[[#This Row],[Blocker Reason]] ="Old Payer ID used"),"Yes","No") -> Yes | AE44: =IF(OR(tblEnrollment[[#This Row],[Clearinghouse Portal Updated]]="No",tblEnrollment[[#This Row],[Blocker Reason]] ="Clearinghouse portal not updated"),"Yes","No") -> No | AF44: =IF(OR(tblEnrollment[[#This Row],[Blocker Reason]] ="Medicaid additional enrollment missing",tblEnrollment[Blocker Reason]="Medicaid requires additional enrollment after credentialing.",tblEnrollment[[#This Row],[Blocker Reason]] ="Incorrect PTAN/Provider number",tblEnrollment[[#This Row],[Blocker Reason]] ="Medicare additional enrollment missing"),"Yes","No") -> No | AG44: =IF(OR(tblEnrollment[[#This Row],[Enrollment Type]]="Claims",tblEnrollment[[#This Row],[Enrollment Type]]="Claims and ERA"),IF(AND(tblEnrollment[[#This Row],[Credentialing Status]]="Completed",tblEnrollment[[#This Row],[Claims Enrollment Status]]="Approved",tblEnrollment[[#This Row],[Clearinghouse Configuration Status]]="Completed",AB44="NPI Match"),"Ready","Not Ready"),"Not Applicable") -> Not Applicable | AH44: =IF(OR(tblEnrollment[[#This Row],[Enrollment Type]]="ERA",tblEnrollment[[#This Row],[Enrollment Type]]="Claims and ERA"),IF(AND(tblEnrollment[[#This Row],[Credentialing Status]]="Completed",tblEnrollment[[#This Row],[ERA Enrollment Status]]="Approved",tblEnrollment[[#This Row],[Clearinghouse Configuration Status]]="Completed",AB44="NPI Match"),"Ready","Not Ready"),"Not Applicable") -> Not Ready | AI44: =IF(tblEnrollment[[#This Row],[Blocker Reason]] ="No Blocker","No","Yes") -> Yes
A45: ENR-0044 | B45: Maple Leaf Urgent Care | C45: Dr. Grace Rao | D45: IND-NPI-1044 | E45: GRP-NPI-9009 | F45: GRP-NPI-9009 | G45: GRP-NPI-9009 | H45: SYN-TIN-039 | I45: Medicaid | J45: MCD002 | K45: Government | L45: PTAN-0044 | M45: ERA | N45: Completed | O45: Not Required | P45: Pending | Q45: Yes | R45: In Progress | S45: 46081 | U45: Pending | V45: Medicaid additional enrollment missing | W45: ew53009 | X45: 46185 | Y45: Medicaid requires additional enrollment after credentialing. | Z45: =IF(tblEnrollment[[#This Row],[Approved Date]]="",DATE(2026,6,3)-tblEnrollment[[#This Row],[Submitted Date]],tblEnrollment[[#This Row],[Approved Date]]-tblEnrollment[[#This Row],[Submitted Date]]) -> 95 | AA45: =IF(tblEnrollment[[#This Row],[Current Status]] ="Ready","Completed",IF(Z45>21,"SLA Breached","Within SLA")) -> SLA Breached | AB45: =IF(tblEnrollment[[#This Row],[Credentialed NPI]] =tblEnrollment[[#This Row],[Enrolled NPI]],"NPI Match","NPI Mismatch") -> NPI Match | AC45: =IF(OR(tblEnrollment[[#This Row],[Blocker Reason]] ="Individual NPI used instead of Group NPI",tblEnrollment[[#This Row],[Blocker Reason]] ="Credentialed NPI mismatch",tblEnrollment[[#This Row],[Blocker Reason]] ="Incorrect PTAN/Provider number"),"Yes","No") -> No | AD45: =IF(OR(tblEnrollment[[#This Row],[Blocker Reason]] ="Wrong Payer ID",tblEnrollment[[#This Row],[Blocker Reason]] ="Old Payer ID used"),"Yes","No") -> No | AE45: =IF(OR(tblEnrollment[[#This Row],[Clearinghouse Portal Updated]]="No",tblEnrollment[[#This Row],[Blocker Reason]] ="Clearinghouse portal not updated"),"Yes","No") -> No | AF45: =IF(OR(tblEnrollment[[#This Row],[Blocker Reason]] ="Medicaid additional enrollment missing",tblEnrollment[Blocker Reason]="Medicaid requires additional enrollment after credentialing.",tblEnrollment[[#This Row],[Blocker Reason]] ="Incorrect PTAN/Provider number",tblEnrollment[[#This Row],[Blocker Reason]] ="Medicare additional enrollment missing"),"Yes","No") -> Yes | AG45: =IF(OR(tblEnrollment[[#This Row],[Enrollment Type]]="Claims",tblEnrollment[[#This Row],[Enrollment Type]]="Claims and ERA"),IF(AND(tblEnrollment[[#This Row],[Credentialing Status]]="Completed",tblEnrollment[[#This Row],[Claims Enrollment Status]]="Approved",tblEnrollment[[#This Row],[Clearinghouse Configuration Status]]="Completed",AB45="NPI Match"),"Ready","Not Ready"),"Not Applicable") -> Not Applicable | AH45: =IF(OR(tblEnrollment[[#This Row],[Enrollment Type]]="ERA",tblEnrollment[[#This Row],[Enrollment Type]]="Claims and ERA"),IF(AND(tblEnrollment[[#This Row],[Credentialing Status]]="Completed",tblEnrollment[[#This Row],[ERA Enrollment Status]]="Approved",tblEnrollment[[#This Row],[Clearinghouse Configuration Status]]="Completed",AB45="NPI Match"),"Ready","Not Ready"),"Not Applicable") -> Not Ready | AI45: =IF(tblEnrollment[[#This Row],[Blocker Reason]] ="No Blocker","No","Yes") -> Yes
A46: ENR-0045 | B46: Maple Leaf Urgent Care | C46: Dr. Ivy Das | D46: IND-NPI-1045 | E46: GRP-NPI-9001 | F46: GRP-NPI-9001 | G46: IND-NPI-1045 | H46: SYN-TIN-057 | I46: Blue Cross | J46: BCBS01 | K46: Commercial | L46: NA | M46: ERA | N46: Completed | O46: Not Required | P46: Rejected | Q46: Yes | R46: Issue Found | S46: 46119 | U46: Blocked | V46: Individual NPI used instead of group NPI | W46: rc48215 | X46: 46183 | Y46: Enrollment was submitted under individual NPI instead of group billing NPI. | Z46: =IF(tblEnrollment[[#This Row],[Approved Date]]="",DATE(2026,6,3)-tblEnrollment[[#This Row],[Submitted Date]],tblEnrollment[[#This Row],[Approved Date]]-tblEnrollment[[#This Row],[Submitted Date]]) -> 57 | AA46: =IF(tblEnrollment[[#This Row],[Current Status]] ="Ready","Completed",IF(Z46>21,"SLA Breached","Within SLA")) -> SLA Breached | AB46: =IF(tblEnrollment[[#This Row],[Credentialed NPI]] =tblEnrollment[[#This Row],[Enrolled NPI]],"NPI Match","NPI Mismatch") -> NPI Mismatch | AC46: =IF(OR(tblEnrollment[[#This Row],[Blocker Reason]] ="Individual NPI used instead of Group NPI",tblEnrollment[[#This Row],[Blocker Reason]] ="Credentialed NPI mismatch",tblEnrollment[[#This Row],[Blocker Reason]] ="Incorrect PTAN/Provider number"),"Yes","No") -> Yes | AD46: =IF(OR(tblEnrollment[[#This Row],[Blocker Reason]] ="Wrong Payer ID",tblEnrollment[[#This Row],[Blocker Reason]] ="Old Payer ID used"),"Yes","No") -> No | AE46: =IF(OR(tblEnrollment[[#This Row],[Clearinghouse Portal Updated]]="No",tblEnrollment[[#This Row],[Blocker Reason]] ="Clearinghouse portal not updated"),"Yes","No") -> No | AF46: =IF(OR(tblEnrollment[[#This Row],[Blocker Reason]] ="Medicaid additional enrollment missing",tblEnrollment[Blocker Reason]="Medicaid requires additional enrollment after credentialing.",tblEnrollment[[#This Row],[Blocker Reason]] ="Incorrect PTAN/Provider number",tblEnrollment[[#This Row],[Blocker Reason]] ="Medicare additional enrollment missing"),"Yes","No") -> No | AG46: =IF(OR(tblEnrollment[[#This Row],[Enrollment Type]]="Claims",tblEnrollment[[#This Row],[Enrollment Type]]="Claims and ERA"),IF(AND(tblEnrollment[[#This Row],[Credentialing Status]]="Completed",tblEnrollment[[#This Row],[Claims Enrollment Status]]="Approved",tblEnrollment[[#This Row],[Clearinghouse Configuration Status]]="Completed",AB46="NPI Match"),"Ready","Not Ready"),"Not Applicable") -> Not Applicable | AH46: =IF(OR(tblEnrollment[[#This Row],[Enrollment Type]]="ERA",tblEnrollment[[#This Row],[Enrollment Type]]="Claims and ERA"),IF(AND(tblEnrollment[[#This Row],[Credentialing Status]]="Completed",tblEnrollment[[#This Row],[ERA Enrollment Status]]="Approved",tblEnrollment[[#This Row],[Clearinghouse Configuration Status]]="Completed",AB46="NPI Match"),"Ready","Not Ready"),"Not Applicable") -> Not Ready | AI46: =IF(tblEnrollment[[#This Row],[Blocker Reason]] ="No Blocker","No","Yes") -> Yes
A47: ENR-0046 | B47: Coral Springs Primary Care | C47: Dr. Omar Scott | D47: IND-NPI-1046 | E47: GRP-NPI-9031 | F47: GRP-NPI-9031 | G47: GRP-NPI-9031 | H47: SYN-TIN-043 | I47: Humana | J47: HUM-OLD | K47: Commercial | L47: NA | M47: Claims and ERA | N47: Completed | O47: Rejected | P47: Rejected | Q47: Yes | R47: Issue Found | S47: 46058 | U47: Blocked | V47: Wrong payer ID | W47: ew53009 | X47: 46180 | Y47: Incorrect payer ID was used for enrollment or routing. | Z47: =IF(tblEnrollment[[#This Row],[Approved Date]]="",DATE(2026,6,3)-tblEnrollment[[#This Row],[Submitted Date]],tblEnrollment[[#This Row],[Approved Date]]-tblEnrollment[[#This Row],[Submitted Date]]) -> 118 | AA47: =IF(tblEnrollment[[#This Row],[Current Status]] ="Ready","Completed",IF(Z47>21,"SLA Breached","Within SLA")) -> SLA Breached | AB47: =IF(tblEnrollment[[#This Row],[Credentialed NPI]] =tblEnrollment[[#This Row],[Enrolled NPI]],"NPI Match","NPI Mismatch") -> NPI Match | AC47: =IF(OR(tblEnrollment[[#This Row],[Blocker Reason]] ="Individual NPI used instead of Group NPI",tblEnrollment[[#This Row],[Blocker Reason]] ="Credentialed NPI mismatch",tblEnrollment[[#This Row],[Blocker Reason]] ="Incorrect PTAN/Provider number"),"Yes","No") -> No | AD47: =IF(OR(tblEnrollment[[#This Row],[Blocker Reason]] ="Wrong Payer ID",tblEnrollment[[#This Row],[Blocker Reason]] ="Old Payer ID used"),"Yes","No") -> Yes | AE47: =IF(OR(tblEnrollment[[#This Row],[Clearinghouse Portal Updated]]="No",tblEnrollment[[#This Row],[Blocker Reason]] ="Clearinghouse portal not updated"),"Yes","No") -> No | AF47: =IF(OR(tblEnrollment[[#This Row],[Blocker Reason]] ="Medicaid additional enrollment missing",tblEnrollment[Blocker Reason]="Medicaid requires additional enrollment after credentialing.",tblEnrollment[[#This Row],[Blocker Reason]] ="Incorrect PTAN/Provider number",tblEnrollment[[#This Row],[Blocker Reason]] ="Medicare additional enrollment missing"),"Yes","No") -> No | AG47: =IF(OR(tblEnrollment[[#This Row],[Enrollment Type]]="Claims",tblEnrollment[[#This Row],[Enrollment Type]]="Claims and ERA"),IF(AND(tblEnrollment[[#This Row],[Credentialing Status]]="Completed",tblEnrollment[[#This Row],[Claims Enrollment Status]]="Approved",tblEnrollment[[#This Row],[Clearinghouse Configuration Status]]="Completed",AB47="NPI Match"),"Ready","Not Ready"),"Not Applicable") -> Not Ready | AH47: =IF(OR(tblEnrollment[[#This Row],[Enrollment Type]]="ERA",tblEnrollment[[#This Row],[Enrollment Type]]="Claims and ERA"),IF(AND(tblEnrollment[[#This Row],[Credentialing Status]]="Completed",tblEnrollment[[#This Row],[ERA Enrollment Status]]="Approved",tblEnrollment[[#This Row],[Clearinghouse Configuration Status]]="Completed",AB47="NPI Match"),"Ready","Not Ready"),"Not Applicable") -> Not Ready | AI47: =IF(tblEnrollment[[#This Row],[Blocker Reason]] ="No Blocker","No","Yes") -> Yes
A48: ENR-0047 | B48: Greenway Internal Medicine | C48: Dr. Sanjay Joshi | D48: IND-NPI-1047 | E48: GRP-NPI-9020 | F48: GRP-NPI-9020 | G48: GRP-NPI-9020 | H48: SYN-TIN-010 | I48: Medicaid | J48: MCD002 | K48: Government | L48: PTAN-0047 | M48: Claims and ERA | N48: Completed | O48: Approved | P48: Approved | Q48: Yes | R48: Completed | S48: 46048 | T48: 46058 | U48: Ready | V48: No blocker | W48: ew53009 | X48: 46183 | Y48: Record is ready for expected transaction flow. | Z48: =IF(tblEnrollment[[#This Row],[Approved Date]]="",DATE(2026,6,3)-tblEnrollment[[#This Row],[Submitted Date]],tblEnrollment[[#This Row],[Approved Date]]-tblEnrollment[[#This Row],[Submitted Date]]) -> 10 | AA48: =IF(tblEnrollment[[#This Row],[Current Status]] ="Ready","Completed",IF(Z48>21,"SLA Breached","Within SLA")) -> Completed | AB48: =IF(tblEnrollment[[#This Row],[Credentialed NPI]] =tblEnrollment[[#This Row],[Enrolled NPI]],"NPI Match","NPI Mismatch") -> NPI Match | AC48: =IF(OR(tblEnrollment[[#This Row],[Blocker Reason]] ="Individual NPI used instead of Group NPI",tblEnrollment[[#This Row],[Blocker Reason]] ="Credentialed NPI mismatch",tblEnrollment[[#This Row],[Blocker Reason]] ="Incorrect PTAN/Provider number"),"Yes","No") -> No | AD48: =IF(OR(tblEnrollment[[#This Row],[Blocker Reason]] ="Wrong Payer ID",tblEnrollment[[#This Row],[Blocker Reason]] ="Old Payer ID used"),"Yes","No") -> No | AE48: =IF(OR(tblEnrollment[[#This Row],[Clearinghouse Portal Updated]]="No",tblEnrollment[[#This Row],[Blocker Reason]] ="Clearinghouse portal not updated"),"Yes","No") -> No | AF48: =IF(OR(tblEnrollment[[#This Row],[Blocker Reason]] ="Medicaid additional enrollment missing",tblEnrollment[Blocker Reason]="Medicaid requires additional enrollment after credentialing.",tblEnrollment[[#This Row],[Blocker Reason]] ="Incorrect PTAN/Provider number",tblEnrollment[[#This Row],[Blocker Reason]] ="Medicare additional enrollment missing"),"Yes","No") -> No | AG48: =IF(OR(tblEnrollment[[#This Row],[Enrollment Type]]="Claims",tblEnrollment[[#This Row],[Enrollment Type]]="Claims and ERA"),IF(AND(tblEnrollment[[#This Row],[Credentialing Status]]="Completed",tblEnrollment[[#This Row],[Claims Enrollment Status]]="Approved",tblEnrollment[[#This Row],[Clearinghouse Configuration Status]]="Completed",AB48="NPI Match"),"Ready","Not Ready"),"Not Applicable") -> Ready | AH48: =IF(OR(tblEnrollment[[#This Row],[Enrollment Type]]="ERA",tblEnrollment[[#This Row],[Enrollment Type]]="Claims and ERA"),IF(AND(tblEnrollment[[#This Row],[Credentialing Status]]="Completed",tblEnrollment[[#This Row],[ERA Enrollment Status]]="Approved",tblEnrollment[[#This Row],[Clearinghouse Configuration Status]]="Completed",AB48="NPI Match"),"Ready","Not Ready"),"Not Applicable") -> Ready | AI48: =IF(tblEnrollment[[#This Row],[Blocker Reason]] ="No Blocker","No","Yes") -> No
A49: ENR-0048 | B49: Blue Harbor ENT | C49: Dr. Mina Nguyen | D49: IND-NPI-1048 | E49: GRP-NPI-9041 | F49: GRP-NPI-9041 | G49: GRP-NPI-9041 | H49: SYN-TIN-019 | I49: United Healthcare | J49: UHC001 | K49: Commercial | L49: NA | M49: Claims | N49: In Progress | O49: Not Started | P49: Not Required | Q49: No | R49: Not Started | S49: 46163 | U49: Pending | V49: Credentialing not completed | W49: nt00234 | X49: 46182 | Y49: Credentialing must be completed before enrollment can proceed. | Z49: =IF(tblEnrollment[[#This Row],[Approved Date]]="",DATE(2026,6,3)-tblEnrollment[[#This Row],[Submitted Date]],tblEnrollment[[#This Row],[Approved Date]]-tblEnrollment[[#This Row],[Submitted Date]]) -> 13 | AA49: =IF(tblEnrollment[[#This Row],[Current Status]] ="Ready","Completed",IF(Z49>21,"SLA Breached","Within SLA")) -> Within SLA | AB49: =IF(tblEnrollment[[#This Row],[Credentialed NPI]] =tblEnrollment[[#This Row],[Enrolled NPI]],"NPI Match","NPI Mismatch") -> NPI Match | AC49: =IF(OR(tblEnrollment[[#This Row],[Blocker Reason]] ="Individual NPI used instead of Group NPI",tblEnrollment[[#This Row],[Blocker Reason]] ="Credentialed NPI mismatch",tblEnrollment[[#This Row],[Blocker Reason]] ="Incorrect PTAN/Provider number"),"Yes","No") -> No | AD49: =IF(OR(tblEnrollment[[#This Row],[Blocker Reason]] ="Wrong Payer ID",tblEnrollment[[#This Row],[Blocker Reason]] ="Old Payer ID used"),"Yes","No") -> No | AE49: =IF(OR(tblEnrollment[[#This Row],[Clearinghouse Portal Updated]]="No",tblEnrollment[[#This Row],[Blocker Reason]] ="Clearinghouse portal not updated"),"Yes","No") -> Yes | AF49: =IF(OR(tblEnrollment[[#This Row],[Blocker Reason]] ="Medicaid additional enrollment missing",tblEnrollment[Blocker Reason]="Medicaid requires additional enrollment after credentialing.",tblEnrollment[[#This Row],[Blocker Reason]] ="Incorrect PTAN/Provider number",tblEnrollment[[#This Row],[Blocker Reason]] ="Medicare additional enrollment missing"),"Yes","No") -> No | AG49: =IF(OR(tblEnrollment[[#This Row],[Enrollment Type]]="Claims",tblEnrollment[[#This Row],[Enrollment Type]]="Claims and ERA"),IF(AND(tblEnrollment[[#This Row],[Credentialing Status]]="Completed",tblEnrollment[[#This Row],[Claims Enrollment Status]]="Approved",tblEnrollment[[#This Row],[Clearinghouse Configuration Status]]="Completed",AB49="NPI Match"),"Ready","Not Ready"),"Not Applicable") -> Not Ready | AH49: =IF(OR(tblEnrollment[[#This Row],[Enrollment Type]]="ERA",tblEnrollment[[#This Row],[Enrollment Type]]="Claims and ERA"),IF(AND(tblEnrollment[[#This Row],[Credentialing Status]]="Completed",tblEnrollment[[#This Row],[ERA Enrollment Status]]="Approved",tblEnrollment[[#This Row],[Clearinghouse Configuration Status]]="Completed",AB49="NPI Match"),"Ready","Not Ready"),"Not Applicable") -> Not Applicable | AI49: =IF(tblEnrollment[[#This Row],[Blocker Reason]] ="No Blocker","No","Yes") -> Yes
A50: ENR-0049 | B50: Eastwood Pulmonary | C50: Dr. Asha Nguyen | D50: IND-NPI-1049 | E50: GRP-NPI-9007 | F50: GRP-NPI-9007 | G50: GRP-NPI-9007 | H50: SYN-TIN-016 | I50: Humana | J50: HUM001 | K50: Commercial | L50: NA | M50: ERA | N50: Completed | O50: Not Required | P50: Approved | Q50: Yes | R50: Completed | S50: 46169 | T50: 46175 | U50: Ready | V50: No blocker | W50: nt00234 | X50: 46184 | Y50: Record is ready for expected transaction flow. | Z50: =IF(tblEnrollment[[#This Row],[Approved Date]]="",DATE(2026,6,3)-tblEnrollment[[#This Row],[Submitted Date]],tblEnrollment[[#This Row],[Approved Date]]-tblEnrollment[[#This Row],[Submitted Date]]) -> 6 | AA50: =IF(tblEnrollment[[#This Row],[Current Status]] ="Ready","Completed",IF(Z50>21,"SLA Breached","Within SLA")) -> Completed | AB50: =IF(tblEnrollment[[#This Row],[Credentialed NPI]] =tblEnrollment[[#This Row],[Enrolled NPI]],"NPI Match","NPI Mismatch") -> NPI Match | AC50: =IF(OR(tblEnrollment[[#This Row],[Blocker Reason]] ="Individual NPI used instead of Group NPI",tblEnrollment[[#This Row],[Blocker Reason]] ="Credentialed NPI mismatch",tblEnrollment[[#This Row],[Blocker Reason]] ="Incorrect PTAN/Provider number"),"Yes","No") -> No | AD50: =IF(OR(tblEnrollment[[#This Row],[Blocker Reason]] ="Wrong Payer ID",tblEnrollment[[#This Row],[Blocker Reason]] ="Old Payer ID used"),"Yes","No") -> No | AE50: =IF(OR(tblEnrollment[[#This Row],[Clearinghouse Portal Updated]]="No",tblEnrollment[[#This Row],[Blocker Reason]] ="Clearinghouse portal not updated"),"Yes","No") -> No | AF50: =IF(OR(tblEnrollment[[#This Row],[Blocker Reason]] ="Medicaid additional enrollment missing",tblEnrollment[Blocker Reason]="Medicaid requires additional enrollment after credentialing.",tblEnrollment[[#This Row],[Blocker Reason]] ="Incorrect PTAN/Provider number",tblEnrollment[[#This Row],[Blocker Reason]] ="Medicare additional enrollment missing"),"Yes","No") -> No | AG50: =IF(OR(tblEnrollment[[#This Row],[Enrollment Type]]="Claims",tblEnrollment[[#This Row],[Enrollment Type]]="Claims and ERA"),IF(AND(tblEnrollment[[#This Row],[Credentialing Status]]="Completed",tblEnrollment[[#This Row],[Claims Enrollment Status]]="Approved",tblEnrollment[[#This Row],[Clearinghouse Configuration Status]]="Completed",AB50="NPI Match"),"Ready","Not Ready"),"Not Applicable") -> Not Applicable | AH50: =IF(OR(tblEnrollment[[#This Row],[Enrollment Type]]="ERA",tblEnrollment[[#This Row],[Enrollment Type]]="Claims and ERA"),IF(AND(tblEnrollment[[#This Row],[Credentialing Status]]="Completed",tblEnrollment[[#This Row],[ERA Enrollment Status]]="Approved",tblEnrollment[[#This Row],[Clearinghouse Configuration Status]]="Completed",AB50="NPI Match"),"Ready","Not Ready"),"Not Applicable") -> Ready | AI50: =IF(tblEnrollment[[#This Row],[Blocker Reason]] ="No Blocker","No","Yes") -> No
A51: ENR-0050 | B51: Blue Harbor ENT | C51: Dr. Sara Rivera | D51: IND-NPI-1050 | E51: GRP-NPI-9030 | F51: GRP-NPI-9030 | G51: GRP-NPI-9121 | H51: SYN-TIN-055 | I51: Cigna | J51: CIG001 | K51: Commercial | L51: NA | M51: Claims and ERA | N51: Completed | O51: Rejected | P51: Rejected | Q51: Yes | R51: Issue Found | S51: 46150 | U51: Blocked | V51: Credentialed NPI mismatch | W51: ew53009 | X51: 46185 | Y51: Enrolled NPI does not match the payer-credentialed NPI. | Z51: =IF(tblEnrollment[[#This Row],[Approved Date]]="",DATE(2026,6,3)-tblEnrollment[[#This Row],[Submitted Date]],tblEnrollment[[#This Row],[Approved Date]]-tblEnrollment[[#This Row],[Submitted Date]]) -> 26 | AA51: =IF(tblEnrollment[[#This Row],[Current Status]] ="Ready","Completed",IF(Z51>21,"SLA Breached","Within SLA")) -> SLA Breached | AB51: =IF(tblEnrollment[[#This Row],[Credentialed NPI]] =tblEnrollment[[#This Row],[Enrolled NPI]],"NPI Match","NPI Mismatch") -> NPI Mismatch | AC51: =IF(OR(tblEnrollment[[#This Row],[Blocker Reason]] ="Individual NPI used instead of Group NPI",tblEnrollment[[#This Row],[Blocker Reason]] ="Credentialed NPI mismatch",tblEnrollment[[#This Row],[Blocker Reason]] ="Incorrect PTAN/Provider number"),"Yes","No") -> Yes | AD51: =IF(OR(tblEnrollment[[#This Row],[Blocker Reason]] ="Wrong Payer ID",tblEnrollment[[#This Row],[Blocker Reason]] ="Old Payer ID used"),"Yes","No") -> No | AE51: =IF(OR(tblEnrollment[[#This Row],[Clearinghouse Portal Updated]]="No",tblEnrollment[[#This Row],[Blocker Reason]] ="Clearinghouse portal not updated"),"Yes","No") -> No | AF51: =IF(OR(tblEnrollment[[#This Row],[Blocker Reason]] ="Medicaid additional enrollment missing",tblEnrollment[Blocker Reason]="Medicaid requires additional enrollment after credentialing.",tblEnrollment[[#This Row],[Blocker Reason]] ="Incorrect PTAN/Provider number",tblEnrollment[[#This Row],[Blocker Reason]] ="Medicare additional enrollment missing"),"Yes","No") -> No | AG51: =IF(OR(tblEnrollment[[#This Row],[Enrollment Type]]="Claims",tblEnrollment[[#This Row],[Enrollment Type]]="Claims and ERA"),IF(AND(tblEnrollment[[#This Row],[Credentialing Status]]="Completed",tblEnrollment[[#This Row],[Claims Enrollment Status]]="Approved",tblEnrollment[[#This Row],[Clearinghouse Configuration Status]]="Completed",AB51="NPI Match"),"Ready","Not Ready"),"Not Applicable") -> Not Ready | AH51: =IF(OR(tblEnrollment[[#This Row],[Enrollment Type]]="ERA",tblEnrollment[[#This Row],[Enrollment Type]]="Claims and ERA"),IF(AND(tblEnrollment[[#This Row],[Credentialing Status]]="Completed",tblEnrollment[[#This Row],[ERA Enrollment Status]]="Approved",tblEnrollment[[#This Row],[Clearinghouse Configuration Status]]="Completed",AB51="NPI Match"),"Ready","Not Ready"),"Not Applicable") -> Not Ready | AI51: =IF(tblEnrollment[[#This Row],[Blocker Reason]] ="No Blocker","No","Yes") -> Yes
A52: ENR-0051 | B52: Evergreen Urology | C52: Dr. Ivy Morgan | D52: IND-NPI-1051 | E52: GRP-NPI-9011 | F52: GRP-NPI-9011 | G52: IND-NPI-1051 | H52: SYN-TIN-063 | I52: Cigna | J52: CIG001 | K52: Commercial | L52: NA | M52: Claims and ERA | N52: Completed | O52: Rejected | P52: Rejected | Q52: Yes | R52: Issue Found | S52: 46100 | U52: Blocked | V52: Individual NPI used instead of group NPI | W52: k19731 | X52: 46186 | Y52: Enrollment was submitted under individual NPI instead of group billing NPI. | Z52: =IF(tblEnrollment[[#This Row],[Approved Date]]="",DATE(2026,6,3)-tblEnrollment[[#This Row],[Submitted Date]],tblEnrollment[[#This Row],[Approved Date]]-tblEnrollment[[#This Row],[Submitted Date]]) -> 76 | AA52: =IF(tblEnrollment[[#This Row],[Current Status]] ="Ready","Completed",IF(Z52>21,"SLA Breached","Within SLA")) -> SLA Breached | AB52: =IF(tblEnrollment[[#This Row],[Credentialed NPI]] =tblEnrollment[[#This Row],[Enrolled NPI]],"NPI Match","NPI Mismatch") -> NPI Mismatch | AC52: =IF(OR(tblEnrollment[[#This Row],[Blocker Reason]] ="Individual NPI used instead of Group NPI",tblEnrollment[[#This Row],[Blocker Reason]] ="Credentialed NPI mismatch",tblEnrollment[[#This Row],[Blocker Reason]] ="Incorrect PTAN/Provider number"),"Yes","No") -> Yes | AD52: =IF(OR(tblEnrollment[[#This Row],[Blocker Reason]] ="Wrong Payer ID",tblEnrollment[[#This Row],[Blocker Reason]] ="Old Payer ID used"),"Yes","No") -> No | AE52: =IF(OR(tblEnrollment[[#This Row],[Clearinghouse Portal Updated]]="No",tblEnrollment[[#This Row],[Blocker Reason]] ="Clearinghouse portal not updated"),"Yes","No") -> No | AF52: =IF(OR(tblEnrollment[[#This Row],[Blocker Reason]] ="Medicaid additional enrollment missing",tblEnrollment[Blocker Reason]="Medicaid requires additional enrollment after credentialing.",tblEnrollment[[#This Row],[Blocker Reason]] ="Incorrect PTAN/Provider number",tblEnrollment[[#This Row],[Blocker Reason]] ="Medicare additional enrollment missing"),"Yes","No") -> No | AG52: =IF(OR(tblEnrollment[[#This Row],[Enrollment Type]]="Claims",tblEnrollment[[#This Row],[Enrollment Type]]="Claims and ERA"),IF(AND(tblEnrollment[[#This Row],[Credentialing Status]]="Completed",tblEnrollment[[#This Row],[Claims Enrollment Status]]="Approved",tblEnrollment[[#This Row],[Clearinghouse Configuration Status]]="Completed",AB52="NPI Match"),"Ready","Not Ready"),"Not Applicable") -> Not Ready | AH52: =IF(OR(tblEnrollment[[#This Row],[Enrollment Type]]="ERA",tblEnrollment[[#This Row],[Enrollment Type]]="Claims and ERA"),IF(AND(tblEnrollment[[#This Row],[Credentialing Status]]="Completed",tblEnrollment[[#This Row],[ERA Enrollment Status]]="Approved",tblEnrollment[[#This Row],[Clearinghouse Configuration Status]]="Completed",AB52="NPI Match"),"Ready","Not Ready"),"Not Applicable") -> Not Ready | AI52: =IF(tblEnrollment[[#This Row],[Blocker Reason]] ="No Blocker","No","Yes") -> Yes
A53: ENR-0052 | B53: Eastwood Pulmonary | C53: Dr. Sanjay Khan | D53: IND-NPI-1052 | E53: GRP-NPI-9029 | F53: GRP-NPI-9029 | G53: GRP-NPI-9029 | H53: SYN-TIN-018 | I53: Medicare | J53: MED001 | K53: Government | L53: PTAN-0052 | M53: Claims and ERA | N53: Completed | O53: Approved | P53: Approved | Q53: Yes | R53: Completed | S53: 46122 | T53: 46134 | U53: Ready | V53: No blocker | W53: nt92346 | X53: 46184 | Y53: Record is ready for expected transaction flow. | Z53: =IF(tblEnrollment[[#This Row],[Approved Date]]="",DATE(2026,6,3)-tblEnrollment[[#This Row],[Submitted Date]],tblEnrollment[[#This Row],[Approved Date]]-tblEnrollment[[#This Row],[Submitted Date]]) -> 12 | AA53: =IF(tblEnrollment[[#This Row],[Current Status]] ="Ready","Completed",IF(Z53>21,"SLA Breached","Within SLA")) -> Completed | AB53: =IF(tblEnrollment[[#This Row],[Credentialed NPI]] =tblEnrollment[[#This Row],[Enrolled NPI]],"NPI Match","NPI Mismatch") -> NPI Match | AC53: =IF(OR(tblEnrollment[[#This Row],[Blocker Reason]] ="Individual NPI used instead of Group NPI",tblEnrollment[[#This Row],[Blocker Reason]] ="Credentialed NPI mismatch",tblEnrollment[[#This Row],[Blocker Reason]] ="Incorrect PTAN/Provider number"),"Yes","No") -> No | AD53: =IF(OR(tblEnrollment[[#This Row],[Blocker Reason]] ="Wrong Payer ID",tblEnrollment[[#This Row],[Blocker Reason]] ="Old Payer ID used"),"Yes","No") -> No | AE53: =IF(OR(tblEnrollment[[#This Row],[Clearinghouse Portal Updated]]="No",tblEnrollment[[#This Row],[Blocker Reason]] ="Clearinghouse portal not updated"),"Yes","No") -> No | AF53: =IF(OR(tblEnrollment[[#This Row],[Blocker Reason]] ="Medicaid additional enrollment missing",tblEnrollment[Blocker Reason]="Medicaid requires additional enrollment after credentialing.",tblEnrollment[[#This Row],[Blocker Reason]] ="Incorrect PTAN/Provider number",tblEnrollment[[#This Row],[Blocker Reason]] ="Medicare additional enrollment missing"),"Yes","No") -> No | AG53: =IF(OR(tblEnrollment[[#This Row],[Enrollment Type]]="Claims",tblEnrollment[[#This Row],[Enrollment Type]]="Claims and ERA"),IF(AND(tblEnrollment[[#This Row],[Credentialing Status]]="Completed",tblEnrollment[[#This Row],[Claims Enrollment Status]]="Approved",tblEnrollment[[#This Row],[Clearinghouse Configuration Status]]="Completed",AB53="NPI Match"),"Ready","Not Ready"),"Not Applicable") -> Ready | AH53: =IF(OR(tblEnrollment[[#This Row],[Enrollment Type]]="ERA",tblEnrollment[[#This Row],[Enrollment Type]]="Claims and ERA"),IF(AND(tblEnrollment[[#This Row],[Credentialing Status]]="Completed",tblEnrollment[[#This Row],[ERA Enrollment Status]]="Approved",tblEnrollment[[#This Row],[Clearinghouse Configuration Status]]="Completed",AB53="NPI Match"),"Ready","Not Ready"),"Not Applicable") -> Ready | AI53: =IF(tblEnrollment[[#This Row],[Blocker Reason]] ="No Blocker","No","Yes") -> No
